run_signature,id,group,question,reference_answer,flat_answer,graph_answer,flat_context,graph_context,flat_latency_s,graph_latency_s,flat_total_tokens,graph_total_tokens,graph_supernode_events
first5000-title-v2-openrouter-free,G5000-01,multi-hop,"Reconstruct the Aeris–Ericsson IoT transaction across the available reports: which Ericsson businesses moved to Aeris, and what scale of IoT connectivity was attributed to the resulting Aeris footprint?","Ericsson's IoT Accelerator and Connected Vehicle Cloud businesses, together with related assets, were to be transferred/acquired by Aeris. A later report says the acquired technologies support more than 100 million IoT devices for 9,000 enterprises across 190 countries.","The transaction saw Ericsson transfer its **IoT Accelerator** and **Connected Vehicle Cloud** businesses (along with related assets) to Aeris Communications.  After the deal, Aeris was positioned to support **over 100 million IoT devices for about 9,000 enterprises operating in 190 countries** [chunk_id=e0ebf26fe86416644315].","The transaction saw Ericsson transfer its **IoT Accelerator** and **Connected Vehicle Cloud** businesses (along with related assets) to Aeris Communications.  After the deal, Aeris’s footprint was projected to support **over 100 million IoT devices for about 9,000 enterprises across 190 countries** [chunk_id=e0ebf26fe86416644315::c0000].","[chunk_id=f8d4c1e3cfe2f61e23f7::c0000 | date=2023-01-10 | score=0.859]
Aeris to acquire IoT business from Ericsson. Highlights Ericsson''s IoT Accelerator and Connected Vehicle Cloud businesses and related assets to be transferred to Aeris. Through the transaction Aeris will become a m. . .

[chunk_id=4f1346392056a403277d::c0000 | date=2022-12-07 | score=0.851]
Aeris to Acquire IoT Business from Ericsson. Aeris Communications and Ericsson are joining together to create a leader in the fast-growing IoT industry Ericsson''s IoT Accelerator and Connected Vehicle Cloud businesses and related assets to be

[chunk_id=e0ebf26fe86416644315::c0000 | date=2023-01-18 | score=0.824]
A Leap in Connectivity: Aeris Acquires Technologies from Ericsson to Support Cellular IoT. After signing a recent agreement Aeris has acquired Ericsson''s IoT Accelerator and Connected Vehicle Cloud businesses to connect more than 100 million IoT devices for 9000 enterprises across 190 countries.

[chunk_id=9aa7c1ead547903a8a75::c0000 | date=2023-02-27 | score=0.532]
ABI Research’s “Sustainability Assessment: Telco Technology Suppliers” Technology Analysis Report. Ericsson is one of the leading providers of Information and Communication Technology (ICT) to service providers. We enable the full value of connectivity by creating game-changing technology and services that are easy to use adopt and scale making our ...

[chunk_id=1f966db1e28d1122c747::c0000 | date=2023-01-24 | score=0.459]
LoRaWAN IoTLogIQ and Industry 4.0: Senzary''s Finger on the Pulse of Industrial IoT. Ahead of IoT Evolution Expo 2023 in Fort Lauderdale Florida we spoke with Eric Schummer the founder and CEO of Senzary LLC.

[chunk_id=e41cd90e3ac90d9329e4::c0000 | date=2023-04-27 | score=0.447]
Buy Larsen and Toubro Technology Services; target of Rs 4040 : Motilal Oswal. L&T Technology (LTTS) posted 2.2% CC QoQ revenue ... We continue to view LTTS as a beneficiary of the growing penetration of ER&D Services. We raise our FY24-25 EPS estimates by 3% on account ...","=== GRAPH ===
Aeris [Company] -ACQUIRED-> IoT business from Ericsson [Technology] | date=2023-01-10 | chunk=f8d4c1e3cfe2f61e23f7::c0000 | evidence=Aeris to acquire IoT business from Ericsson
Aeris Communications [Company] -ACQUIRED-> Ericsson [Company] | date=2022-12-07 | chunk=4f1346392056a403277d::c0000 | evidence=Aeris Communications and Ericsson are joining together to create a leader in the fast-growing IoT industry Ericsson's IoT Accelerator and Connected Vehicle Cloud businesses and related assets to be

=== VECTOR ===
[chunk_id=f8d4c1e3cfe2f61e23f7::c0000 | date=2023-01-10 | score=0.859]
Aeris to acquire IoT business from Ericsson. Highlights Ericsson''s IoT Accelerator and Connected Vehicle Cloud businesses and related assets to be transferred to Aeris. Through the transaction Aeris will become a m. . .

[chunk_id=4f1346392056a403277d::c0000 | date=2022-12-07 | score=0.851]
Aeris to Acquire IoT Business from Ericsson. Aeris Communications and Ericsson are joining together to create a leader in the fast-growing IoT industry Ericsson''s IoT Accelerator and Connected Vehicle Cloud businesses and related assets to be

[chunk_id=e0ebf26fe86416644315::c0000 | date=2023-01-18 | score=0.824]
A Leap in Connectivity: Aeris Acquires Technologies from Ericsson to Support Cellular IoT. After signing a recent agreement Aeris has acquired Ericsson''s IoT Accelerator and Connected Vehicle Cloud businesses to connect more than 100 million IoT devices for 9000 enterprises across 190 countries.

[chunk_id=9aa7c1ead547903a8a75::c0000 | date=2023-02-27 | score=0.532]
ABI Research’s “Sustainability Assessment: Telco Technology Suppliers” Technology Analysis Report. Ericsson is one of the leading providers of Information and Communication Technology (ICT) to service providers. We enable the full value of connectivity by creating game-changing technology and services that are easy to use adopt and scale making our ...

[chunk_id=1f966db1e28d1122c747::c0000 | date=2023-01-24 | score=0.459]
LoRaWAN IoTLogIQ and Industry 4.0: Senzary''s Finger on the Pulse of Industrial IoT. Ahead of IoT Evolution Expo 2023 in Fort Lauderdale Florida we spoke with Eric Schummer the founder and CEO of Senzary LLC.

[chunk_id=e41cd90e3ac90d9329e4::c0000 | date=2023-04-27 | score=0.447]
Buy Larsen and Toubro Technology Services; target of Rs 4040 : Motilal Oswal. L&T Technology (LTTS) posted 2.2% CC QoQ revenue ... We continue to view LTTS as a beneficiary of the growing penetration of ER&D Services. We raise our FY24-25 EPS estimates by 3% on account ...",0.9491036999970676,2.55759720003698,841,992,0
first5000-title-v2-openrouter-free,G5000-02,cross-doc,"Did the first two Aeris/Ericsson reports describe a completed acquisition or a planned transfer, and what later evidence changes the event state?","The first reports describe a planned transaction: Aeris was to acquire Ericsson's IoT Accelerator and Connected Vehicle Cloud businesses/assets. The later January 18 report uses completed-state language ('Aeris has acquired'), indicating the event had progressed from planned transfer to acquired technologies.","The first two Aeris/Ericsson reports (dated 2022‑12‑07 and 2023‑01‑10) framed the transaction as a **planned transfer** of Ericsson’s IoT Accelerator and Connected Vehicle Cloud businesses to Aeris, describing it as an upcoming acquisition that had not yet closed [chunk_id=4f1346392056a403277d::c0000, chunk_id=f8d4c1e3cfe2f61e23f7::c0000].  

Subsequent coverage (dated 2023‑01‑18) reported that the deal had **already closed**, stating that Aeris had “acquired” Ericsson’s IoT assets and would now support cellular IoT for 9,000 enterprises [chunk_id=e0ebf26fe86416644315::c0000]. Thus, the later evidence changes the event state from a planned transfer to a completed acquisition.","The first two Aeris/Ericsson reports (dated 2022‑12‑07 and 2023‑01‑10) describe a **planned transfer** of Ericsson’s IoT Accelerator and Connected Vehicle Cloud businesses to Aeris. They refer to an agreement or intent to acquire, not a finished deal [chunk_id=4f1346392056a403277d::c0000 | date=2022-12-07] and [chunk_id=f8d4c1e3cfe2f61e23f7::c0000 | date=2023-01-10].

Later evidence, notably the report dated 2023‑01‑18, indicates that the acquisition had **already been completed**. It states that Aeris “has acquired Ericsson’s IoT Accelerator and Connected Vehicle Cloud businesses” and details the operational impact of the deal [chunk_id=e0ebf26fe86416644315::c0000 | date=2023-01-18]. Thus, the event state changed from a planned transfer to a completed acquisition.","[chunk_id=f8d4c1e3cfe2f61e23f7::c0000 | date=2023-01-10 | score=0.554]
Aeris to acquire IoT business from Ericsson. Highlights Ericsson''s IoT Accelerator and Connected Vehicle Cloud businesses and related assets to be transferred to Aeris. Through the transaction Aeris will become a m. . .

[chunk_id=4f1346392056a403277d::c0000 | date=2022-12-07 | score=0.551]
Aeris to Acquire IoT Business from Ericsson. Aeris Communications and Ericsson are joining together to create a leader in the fast-growing IoT industry Ericsson''s IoT Accelerator and Connected Vehicle Cloud businesses and related assets to be

[chunk_id=e0ebf26fe86416644315::c0000 | date=2023-01-18 | score=0.474]
A Leap in Connectivity: Aeris Acquires Technologies from Ericsson to Support Cellular IoT. After signing a recent agreement Aeris has acquired Ericsson''s IoT Accelerator and Connected Vehicle Cloud businesses to connect more than 100 million IoT devices for 9000 enterprises across 190 countries.

[chunk_id=50df551d56bef051ffd6::c0000 | date=2023-01-23 | score=0.363]
Libya Exhibition for Exporting Communications and Information Technology Services (ECITS) 2023: 20 to 22 February at Tripoli Sports City. The Libyan Export Promotion Centre (LEPC) has announced that the Libya Exhibition for Export of Communications and Information Technology Services 2023 (ECITS) will now be held from 20 to 22 February at Tripoli Sports City. It will be recalled that Libya ...

[chunk_id=893b2fe36a220fc96b89::c0000 | date=2022-12-28 | score=0.348]
Unusual Options Activity and Flow in Silvergate Capital Corp (SI). Unusual Whales does not confirm the information’s faithfulness or accuracy on the associated references data and cannot verify any of the information. Any content on this site

[chunk_id=51e0b211b9c6d1549720::c0000 | date=2023-04-09 | score=0.340]
AEOI experts registered 159 scientific achievements past yr. Iran''s nuclear chief says AEOI experts with extensive efforts registered 159 scientific technological and industrial achievements in the past year.","=== GRAPH ===
Aeris [Company] -ACQUIRED-> IoT business from Ericsson [Technology] | date=2023-01-10 | chunk=f8d4c1e3cfe2f61e23f7::c0000 | evidence=Aeris to acquire IoT business from Ericsson
Aeris Communications [Company] -ACQUIRED-> Ericsson [Company] | date=2022-12-07 | chunk=4f1346392056a403277d::c0000 | evidence=Aeris Communications and Ericsson are joining together to create a leader in the fast-growing IoT industry Ericsson's IoT Accelerator and Connected Vehicle Cloud businesses and related assets to be

=== VECTOR ===
[chunk_id=f8d4c1e3cfe2f61e23f7::c0000 | date=2023-01-10 | score=0.554]
Aeris to acquire IoT business from Ericsson. Highlights Ericsson''s IoT Accelerator and Connected Vehicle Cloud businesses and related assets to be transferred to Aeris. Through the transaction Aeris will become a m. . .

[chunk_id=4f1346392056a403277d::c0000 | date=2022-12-07 | score=0.551]
Aeris to Acquire IoT Business from Ericsson. Aeris Communications and Ericsson are joining together to create a leader in the fast-growing IoT industry Ericsson''s IoT Accelerator and Connected Vehicle Cloud businesses and related assets to be

[chunk_id=e0ebf26fe86416644315::c0000 | date=2023-01-18 | score=0.474]
A Leap in Connectivity: Aeris Acquires Technologies from Ericsson to Support Cellular IoT. After signing a recent agreement Aeris has acquired Ericsson''s IoT Accelerator and Connected Vehicle Cloud businesses to connect more than 100 million IoT devices for 9000 enterprises across 190 countries.

[chunk_id=50df551d56bef051ffd6::c0000 | date=2023-01-23 | score=0.363]
Libya Exhibition for Exporting Communications and Information Technology Services (ECITS) 2023: 20 to 22 February at Tripoli Sports City. The Libyan Export Promotion Centre (LEPC) has announced that the Libya Exhibition for Export of Communications and Information Technology Services 2023 (ECITS) will now be held from 20 to 22 February at Tripoli Sports City. It will be recalled that Libya ...

[chunk_id=893b2fe36a220fc96b89::c0000 | date=2022-12-28 | score=0.348]
Unusual Options Activity and Flow in Silvergate Capital Corp (SI). Unusual Whales does not confirm the information’s faithfulness or accuracy on the associated references data and cannot verify any of the information. Any content on this site

[chunk_id=51e0b211b9c6d1549720::c0000 | date=2023-04-09 | score=0.340]
AEOI experts registered 159 scientific achievements past yr. Iran''s nuclear chief says AEOI experts with extensive efforts registered 159 scientific technological and industrial achievements in the past year.",4.979654000024311,9.989911199954804,900,1074,0
first5000-title-v2-openrouter-free,G5000-03,factoid,"After the Aeris–Ericsson IoT deal progressed, how many IoT devices, enterprises, and countries were cited in the later connectivity report?","More than 100 million IoT devices, 9,000 enterprises, and 190 countries.","After the Aeris–Ericsson IoT deal progressed, the later connectivity report cited that Aeris would connect **more than 100 million IoT devices for 9,000 enterprises across 190 countries** [chunk_id=e0ebf26fe86416644315::c0000].","After the Aeris–Ericsson IoT deal progressed, the later connectivity report cited that Aeris would connect **more than 100 million IoT devices for 9,000 enterprises across 190 countries** [chunk_id=e0ebf26fe86416644315::c0000].","[chunk_id=e0ebf26fe86416644315::c0000 | date=2023-01-18 | score=0.716]
A Leap in Connectivity: Aeris Acquires Technologies from Ericsson to Support Cellular IoT. After signing a recent agreement Aeris has acquired Ericsson''s IoT Accelerator and Connected Vehicle Cloud businesses to connect more than 100 million IoT devices for 9000 enterprises across 190 countries.

[chunk_id=4f1346392056a403277d::c0000 | date=2022-12-07 | score=0.683]
Aeris to Acquire IoT Business from Ericsson. Aeris Communications and Ericsson are joining together to create a leader in the fast-growing IoT industry Ericsson''s IoT Accelerator and Connected Vehicle Cloud businesses and related assets to be

[chunk_id=f8d4c1e3cfe2f61e23f7::c0000 | date=2023-01-10 | score=0.662]
Aeris to acquire IoT business from Ericsson. Highlights Ericsson''s IoT Accelerator and Connected Vehicle Cloud businesses and related assets to be transferred to Aeris. Through the transaction Aeris will become a m. . .

[chunk_id=9aa7c1ead547903a8a75::c0000 | date=2023-02-27 | score=0.531]
ABI Research’s “Sustainability Assessment: Telco Technology Suppliers” Technology Analysis Report. Ericsson is one of the leading providers of Information and Communication Technology (ICT) to service providers. We enable the full value of connectivity by creating game-changing technology and services that are easy to use adopt and scale making our ...

[chunk_id=be8a21bbadb6910ed8e6::c0000 | date=2023-04-26 | score=0.482]
IoT Internet Service Market Demand by 2031. Apr 25 2023 (The Expresswire) -- The latest market research report on the Global '""IoT Internet Service Market'"" is segmented by Regions Country Company and other Segments. The global IoT ...

[chunk_id=4fe7d8c8245cc4dbc71b::c0000 | date=2023-02-05 | score=0.470]
Internet Of Things (IoT) Device and Service Market Size 2023 With Factor Outlook Deployment Viewpoint Society Size Outlook. provides crucial information for knowing the Internet Of Things (IoT) Device and Service market. This study also covers company profiling specifications and product picture sales market share ...","=== GRAPH ===
Aeris [Company] -ACQUIRED-> IoT business from Ericsson [Technology] | date=2023-01-10 | chunk=f8d4c1e3cfe2f61e23f7::c0000 | evidence=Aeris to acquire IoT business from Ericsson
Aeris Communications [Company] -ACQUIRED-> Ericsson [Company] | date=2022-12-07 | chunk=4f1346392056a403277d::c0000 | evidence=Aeris Communications and Ericsson are joining together to create a leader in the fast-growing IoT industry Ericsson's IoT Accelerator and Connected Vehicle Cloud businesses and related assets to be

=== VECTOR ===
[chunk_id=e0ebf26fe86416644315::c0000 | date=2023-01-18 | score=0.716]
A Leap in Connectivity: Aeris Acquires Technologies from Ericsson to Support Cellular IoT. After signing a recent agreement Aeris has acquired Ericsson''s IoT Accelerator and Connected Vehicle Cloud businesses to connect more than 100 million IoT devices for 9000 enterprises across 190 countries.

[chunk_id=4f1346392056a403277d::c0000 | date=2022-12-07 | score=0.683]
Aeris to Acquire IoT Business from Ericsson. Aeris Communications and Ericsson are joining together to create a leader in the fast-growing IoT industry Ericsson''s IoT Accelerator and Connected Vehicle Cloud businesses and related assets to be

[chunk_id=f8d4c1e3cfe2f61e23f7::c0000 | date=2023-01-10 | score=0.662]
Aeris to acquire IoT business from Ericsson. Highlights Ericsson''s IoT Accelerator and Connected Vehicle Cloud businesses and related assets to be transferred to Aeris. Through the transaction Aeris will become a m. . .

[chunk_id=9aa7c1ead547903a8a75::c0000 | date=2023-02-27 | score=0.531]
ABI Research’s “Sustainability Assessment: Telco Technology Suppliers” Technology Analysis Report. Ericsson is one of the leading providers of Information and Communication Technology (ICT) to service providers. We enable the full value of connectivity by creating game-changing technology and services that are easy to use adopt and scale making our ...

[chunk_id=be8a21bbadb6910ed8e6::c0000 | date=2023-04-26 | score=0.482]
IoT Internet Service Market Demand by 2031. Apr 25 2023 (The Expresswire) -- The latest market research report on the Global '""IoT Internet Service Market'"" is segmented by Regions Country Company and other Segments. The global IoT ...

[chunk_id=4fe7d8c8245cc4dbc71b::c0000 | date=2023-02-05 | score=0.470]
Internet Of Things (IoT) Device and Service Market Size 2023 With Factor Outlook Deployment Viewpoint Society Size Outlook. provides crucial information for knowing the Internet Of Things (IoT) Device and Service market. This study also covers company profiling specifications and product picture sales market share ...",5.299778599990532,10.549911799957044,790,921,0
first5000-title-v2-openrouter-free,G5000-04,cross-doc,"Which two named Ericsson IoT businesses recur across multiple reports of the Aeris transaction, and why should GraphRAG collapse those mentions into one event rather than separate deals?","The recurring businesses are Ericsson IoT Accelerator and Connected Vehicle Cloud. The reports describe the same Aeris–Ericsson transfer/acquisition across different dates/sources, so they should resolve to one underlying transaction with evolving status, not multiple independent deals.","The two Ericsson‑owned IoT businesses that appear in several Aeris transaction reports are the **IoT Accelerator** and the **Connected Vehicle Cloud** assets [chunk_id=4f1346392056a403277d::c0000, chunk_id=f8d4c1e3cfe2f61e23f7::c0000, chunk_id=e0ebf26fe86416644315::c0000].

GraphRAG should treat all mentions of these assets as a single acquisition event rather than separate deals because every report refers to the same transaction: Aeris is acquiring both the IoT Accelerator and the Connected Vehicle Cloud from Ericsson in one deal. The repeated references simply describe the same transaction from different angles or at different dates, so collapsing them avoids fragmenting the event into multiple, redundant entries.","The two Ericsson‑named IoT businesses that appear in several reports about the Aeris transaction are:

1. **IoT Accelerator** – a portfolio of IoT‑related technologies and services.  
2. **Connected Vehicle Cloud** – a cloud‑based platform for connected‑vehicle applications.  

Both are transferred to Aeris in the same acquisition agreement (2023‑01‑10) and are repeatedly mentioned together in earlier coverage (2022‑12‑07). Because they are part of a single transaction, GraphRAG should treat all references to them as one event rather than separate deals. Collapsing the mentions prevents duplicate event creation and accurately reflects that Aeris acquired both assets together in a single deal. [chunk_id=f8d4c1e3cfe2f61e23f7::c0000] [chunk_id=4f1346392056a403277d::c0000]","[chunk_id=4f1346392056a403277d::c0000 | date=2022-12-07 | score=0.666]
Aeris to Acquire IoT Business from Ericsson. Aeris Communications and Ericsson are joining together to create a leader in the fast-growing IoT industry Ericsson''s IoT Accelerator and Connected Vehicle Cloud businesses and related assets to be

[chunk_id=f8d4c1e3cfe2f61e23f7::c0000 | date=2023-01-10 | score=0.645]
Aeris to acquire IoT business from Ericsson. Highlights Ericsson''s IoT Accelerator and Connected Vehicle Cloud businesses and related assets to be transferred to Aeris. Through the transaction Aeris will become a m. . .

[chunk_id=e0ebf26fe86416644315::c0000 | date=2023-01-18 | score=0.579]
A Leap in Connectivity: Aeris Acquires Technologies from Ericsson to Support Cellular IoT. After signing a recent agreement Aeris has acquired Ericsson''s IoT Accelerator and Connected Vehicle Cloud businesses to connect more than 100 million IoT devices for 9000 enterprises across 190 countries.

[chunk_id=9aa7c1ead547903a8a75::c0000 | date=2023-02-27 | score=0.463]
ABI Research’s “Sustainability Assessment: Telco Technology Suppliers” Technology Analysis Report. Ericsson is one of the leading providers of Information and Communication Technology (ICT) to service providers. We enable the full value of connectivity by creating game-changing technology and services that are easy to use adopt and scale making our ...

[chunk_id=1f966db1e28d1122c747::c0000 | date=2023-01-24 | score=0.420]
LoRaWAN IoTLogIQ and Industry 4.0: Senzary''s Finger on the Pulse of Industrial IoT. Ahead of IoT Evolution Expo 2023 in Fort Lauderdale Florida we spoke with Eric Schummer the founder and CEO of Senzary LLC.

[chunk_id=6e061713388fe1561833::c0000 | date=2023-03-16 | score=0.419]
CloudNine and Integreon Partner to Deliver Efficiency in Handling Modern Data in eDiscovery. CloudNine and Integreon announced a partnership today to provide a better way to manage modern data in eDiscovery. Together CloudNine and Integreon offer law firms and corporate legal teams a best-in","=== GRAPH ===
Aeris [Company] -ACQUIRED-> IoT business from Ericsson [Technology] | date=2023-01-10 | chunk=f8d4c1e3cfe2f61e23f7::c0000 | evidence=Aeris to acquire IoT business from Ericsson
Aeris Communications [Company] -ACQUIRED-> Ericsson [Company] | date=2022-12-07 | chunk=4f1346392056a403277d::c0000 | evidence=Aeris Communications and Ericsson are joining together to create a leader in the fast-growing IoT industry Ericsson's IoT Accelerator and Connected Vehicle Cloud businesses and related assets to be

=== VECTOR ===
[chunk_id=4f1346392056a403277d::c0000 | date=2022-12-07 | score=0.666]
Aeris to Acquire IoT Business from Ericsson. Aeris Communications and Ericsson are joining together to create a leader in the fast-growing IoT industry Ericsson''s IoT Accelerator and Connected Vehicle Cloud businesses and related assets to be

[chunk_id=f8d4c1e3cfe2f61e23f7::c0000 | date=2023-01-10 | score=0.645]
Aeris to acquire IoT business from Ericsson. Highlights Ericsson''s IoT Accelerator and Connected Vehicle Cloud businesses and related assets to be transferred to Aeris. Through the transaction Aeris will become a m. . .

[chunk_id=e0ebf26fe86416644315::c0000 | date=2023-01-18 | score=0.579]
A Leap in Connectivity: Aeris Acquires Technologies from Ericsson to Support Cellular IoT. After signing a recent agreement Aeris has acquired Ericsson''s IoT Accelerator and Connected Vehicle Cloud businesses to connect more than 100 million IoT devices for 9000 enterprises across 190 countries.

[chunk_id=9aa7c1ead547903a8a75::c0000 | date=2023-02-27 | score=0.463]
ABI Research’s “Sustainability Assessment: Telco Technology Suppliers” Technology Analysis Report. Ericsson is one of the leading providers of Information and Communication Technology (ICT) to service providers. We enable the full value of connectivity by creating game-changing technology and services that are easy to use adopt and scale making our ...

[chunk_id=1f966db1e28d1122c747::c0000 | date=2023-01-24 | score=0.420]
LoRaWAN IoTLogIQ and Industry 4.0: Senzary''s Finger on the Pulse of Industrial IoT. Ahead of IoT Evolution Expo 2023 in Fort Lauderdale Florida we spoke with Eric Schummer the founder and CEO of Senzary LLC.

[chunk_id=6e061713388fe1561833::c0000 | date=2023-03-16 | score=0.419]
CloudNine and Integreon Partner to Deliver Efficiency in Handling Modern Data in eDiscovery. CloudNine and Integreon announced a partnership today to provide a better way to manage modern data in eDiscovery. Together CloudNine and Integreon offer law firms and corporate legal teams a best-in",2.240673599997536,9.19202730001416,892,1064,0
first5000-title-v2-openrouter-free,G5000-05,multi-hop,"Starting from Ericsson, follow the graph to the acquirer and then to the reported IoT reach. What path and scale should be returned?","Ericsson -> (IoT Accelerator and Connected Vehicle Cloud transferred/acquired by) Aeris -> supports/connects more than 100 million IoT devices for 9,000 enterprises across 190 countries.","**Path:** Ericsson → Aeris Communications (acquirer) → reported IoT reach  
**Scale:** > 100 million IoT devices for 9 000 enterprises across 190 countries【chunk_id=e0ebf26fe86416644315】","**Path**: Ericsson → (acquired by) Aeris Communications  
**Reported IoT reach**: > 100 million IoT devices for 9 000 enterprises across 190 countries [chunk_id=e0ebf26fe86416644315]","[chunk_id=f8d4c1e3cfe2f61e23f7::c0000 | date=2023-01-10 | score=0.537]
Aeris to acquire IoT business from Ericsson. Highlights Ericsson''s IoT Accelerator and Connected Vehicle Cloud businesses and related assets to be transferred to Aeris. Through the transaction Aeris will become a m. . .

[chunk_id=4f1346392056a403277d::c0000 | date=2022-12-07 | score=0.492]
Aeris to Acquire IoT Business from Ericsson. Aeris Communications and Ericsson are joining together to create a leader in the fast-growing IoT industry Ericsson''s IoT Accelerator and Connected Vehicle Cloud businesses and related assets to be

[chunk_id=e0ebf26fe86416644315::c0000 | date=2023-01-18 | score=0.470]
A Leap in Connectivity: Aeris Acquires Technologies from Ericsson to Support Cellular IoT. After signing a recent agreement Aeris has acquired Ericsson''s IoT Accelerator and Connected Vehicle Cloud businesses to connect more than 100 million IoT devices for 9000 enterprises across 190 countries.

[chunk_id=9aa7c1ead547903a8a75::c0000 | date=2023-02-27 | score=0.427]
ABI Research’s “Sustainability Assessment: Telco Technology Suppliers” Technology Analysis Report. Ericsson is one of the leading providers of Information and Communication Technology (ICT) to service providers. We enable the full value of connectivity by creating game-changing technology and services that are easy to use adopt and scale making our ...

[chunk_id=4fe7d8c8245cc4dbc71b::c0000 | date=2023-02-05 | score=0.417]
Internet Of Things (IoT) Device and Service Market Size 2023 With Factor Outlook Deployment Viewpoint Society Size Outlook. provides crucial information for knowing the Internet Of Things (IoT) Device and Service market. This study also covers company profiling specifications and product picture sales market share ...

[chunk_id=e41cd90e3ac90d9329e4::c0000 | date=2023-04-27 | score=0.388]
Buy Larsen and Toubro Technology Services; target of Rs 4040 : Motilal Oswal. L&T Technology (LTTS) posted 2.2% CC QoQ revenue ... We continue to view LTTS as a beneficiary of the growing penetration of ER&D Services. We raise our FY24-25 EPS estimates by 3% on account ...","=== GRAPH ===
Aeris Communications [Company] -ACQUIRED-> Ericsson [Company] | date=2022-12-07 | chunk=4f1346392056a403277d::c0000 | evidence=Aeris Communications and Ericsson are joining together to create a leader in the fast-growing IoT industry Ericsson's IoT Accelerator and Connected Vehicle Cloud businesses and related assets to be

=== VECTOR ===
[chunk_id=f8d4c1e3cfe2f61e23f7::c0000 | date=2023-01-10 | score=0.537]
Aeris to acquire IoT business from Ericsson. Highlights Ericsson''s IoT Accelerator and Connected Vehicle Cloud businesses and related assets to be transferred to Aeris. Through the transaction Aeris will become a m. . .

[chunk_id=4f1346392056a403277d::c0000 | date=2022-12-07 | score=0.492]
Aeris to Acquire IoT Business from Ericsson. Aeris Communications and Ericsson are joining together to create a leader in the fast-growing IoT industry Ericsson''s IoT Accelerator and Connected Vehicle Cloud businesses and related assets to be

[chunk_id=e0ebf26fe86416644315::c0000 | date=2023-01-18 | score=0.470]
A Leap in Connectivity: Aeris Acquires Technologies from Ericsson to Support Cellular IoT. After signing a recent agreement Aeris has acquired Ericsson''s IoT Accelerator and Connected Vehicle Cloud businesses to connect more than 100 million IoT devices for 9000 enterprises across 190 countries.

[chunk_id=9aa7c1ead547903a8a75::c0000 | date=2023-02-27 | score=0.427]
ABI Research’s “Sustainability Assessment: Telco Technology Suppliers” Technology Analysis Report. Ericsson is one of the leading providers of Information and Communication Technology (ICT) to service providers. We enable the full value of connectivity by creating game-changing technology and services that are easy to use adopt and scale making our ...

[chunk_id=4fe7d8c8245cc4dbc71b::c0000 | date=2023-02-05 | score=0.417]
Internet Of Things (IoT) Device and Service Market Size 2023 With Factor Outlook Deployment Viewpoint Society Size Outlook. provides crucial information for knowing the Internet Of Things (IoT) Device and Service market. This study also covers company profiling specifications and product picture sales market share ...

[chunk_id=e41cd90e3ac90d9329e4::c0000 | date=2023-04-27 | score=0.388]
Buy Larsen and Toubro Technology Services; target of Rs 4040 : Motilal Oswal. L&T Technology (LTTS) posted 2.2% CC QoQ revenue ... We continue to view LTTS as a beneficiary of the growing penetration of ER&D Services. We raise our FY24-25 EPS estimates by 3% on account ...",10.43322220002301,2.656684299989138,806,914,0
first5000-title-v2-openrouter-free,G5000-06,multi-hop,"Trace ServiceNow's generative-AI product/partner evolution from May through July 2023: what partnership began in May, what customer-facing feature appeared in June, and what enterprise adoption program appeared in late July?","In May, ServiceNow partnered with NVIDIA to build enterprise-grade generative AI for workflow automation. In June, ServiceNow introduced Now Assist for Virtual Agent for conversational self-service. In late July, ServiceNow, NVIDIA, and Accenture launched AI Lighthouse to accelerate enterprise generative-AI adoption.","- **May 2023** – ServiceNow announced a partnership with NVIDIA to build enterprise‑grade generative‑AI capabilities across IT [chunk_id=531b5c0beb405c822e6c::c0000].  
- **June 2023** – The first customer‑facing generative‑AI feature, the “Now Assist” suite (including case summarization and text‑to‑code), was introduced to users [no direct evidence in the supplied chunks].  
- **Late July 2023** – An enterprise‑adoption program for generative AI was launched, aimed at accelerating adoption across large organizations [no direct evidence in the supplied chunks].","- **May 2023** – ServiceNow announced a partnership with NVIDIA to build enterprise‑grade generative‑AI capabilities across IT operations [chunk_id=531b5c0beb405c822e6c::c0000].  
- **June 2023** – ServiceNow released the customer‑facing feature “Now Assist for Virtual Agent,” powered by its new Generative AI Controller [chunk_id=5d479b59c6d424d4a679::c0000].  
- **Late July 2023** – ServiceNow, NVIDIA and Accenture launched an enterprise‑adoption program aimed at accelerating generative‑AI adoption for enterprises [chunk_id=a5a8b0ece135c638d4f0::c0000].","[chunk_id=531b5c0beb405c822e6c::c0000 | date=2023-05-17 | score=0.582]
ServiceNow and NVIDIA Announce Partnership to Build Generative AI Across Enterprise IT. ServiceNow and NVIDIA today announced a partnership to develop powerful enterprise-grade generative AI capabilities that can transform business processes with faster more intelligent workflow automation.

[chunk_id=8dbd50499a511691151c::c0000 | date=2023-05-18 | score=0.582]
Knowledge 2023 - ServiceNow looks beyond general purpose generative AI to domain-specific use cases. ServiceNow has this week revealed how it is planning to capitalize on the recent rapid advancements seen in the field of generative AI using large language models (LLMs) - showcasing some of the potential use cases live on stage during its second Knowledge 2023 keynote in Las Vegas this week.

[chunk_id=060079074c76bc41fc07::c0000 | date=2023-08-09 | score=0.562]
Microsoft Industry Blogs: Manufacturing and mobility. Today’s new AI capabilities announcement for Copilot in Dynamics 365 Field Service is especially impactful for ... the world’s leading market-intelligence providers for the information technology and consumer technology markets and they have published ...

[chunk_id=61d4287d7202db592481::c0000 | date=2023-09-25 | score=0.548]
Evolve Information Solutions Announces New Reseller Agreement with Priority Software. Reseller Partnership expands Evolve Information Solutions retail management solutions among forward-thinking US retailers. MINNEAPOLIS Sept. 25 2023 /PRNewswire/ -- Evolve Information Systems a leader in providing cutting-edge enterprise retail technology solutions

[chunk_id=c3abd66a20fd72dc538f::c0000 | date=2023-01-04 | score=0.548]
In the new year AI will reshape the technology industry and its relationship with the masses. The year AI that is artificial intelligence went from the guarded walls of big technology ... real-time information that is easy to consume. As with all rapidly changing fields there is a lot of uncertainty. AI will impact products services and ...

[chunk_id=888196b6e1e07e67c3ae::c0000 | date=2023-07-26 | score=0.540]
ServiceNow Expands Generative AI Capabilities With Case Summarization and Text-to-Code to Drive Speed Productivity and Value. Case summarization and text-to-code join ServiceNow''s growing Now Assist family of generative AI features being infused into the ServiceNow platform across all workflow offerings. ServiceNow has already seen significant productivity improvements for customers using early access versions of its previously announced generative AI capabilities","=== GRAPH ===
Deloitte [Company] -PARTNERED_WITH-> ServiceNow [Company] | date=2023-09-21 | chunk=1906ed4e6e32c255c7af::c0000 | evidence=Deloitte and ServiceNow Expand Alliance to Integrate Now Assist Generative AI Capabilities With Next-Generation Managed Services
ServiceNow [Company] -PARTNERED_WITH-> NVIDIA [Company] | date=2023-07-27 | chunk=a5a8b0ece135c638d4f0::c0000 | evidence=ServiceNow NVIDIA and Accenture Partner to Accelerate Generative AI Adoption for Enterprises
ServiceNow [Company] -PARTNERED_WITH-> Accenture [Company] | date=2023-07-27 | chunk=a5a8b0ece135c638d4f0::c0000 | evidence=ServiceNow NVIDIA and Accenture Partner to Accelerate Generative AI Adoption for Enterprises
ServiceNow [Company] -DEVELOPED-> Generative AI Features [Technology] | date=2023-07-26 | chunk=888196b6e1e07e67c3ae::c0000 | evidence=ServiceNow Expands Generative AI Capabilities With Case Summarization and Text-to-Code to Drive Speed Productivity and Value.
ServiceNow [Company] -DEVELOPED-> Now Assist for Virtual Agent [Technology] | date=2023-06-13 | chunk=5d479b59c6d424d4a679::c0000 | evidence=ServiceNow extends its AI capabilities with Now Assist for Virtual Agent
ServiceNow [Company] -DEVELOPED-> ServiceNow Generative AI Controller [Technology] | date=2023-06-13 | chunk=5d479b59c6d424d4a679::c0000 | evidence=Now Assist for Virtual Agent is powered by ServiceNow Generative AI Controller
ServiceNow [Company] -PARTNERED_WITH-> NVIDIA [Company] | date=2023-05-17 | chunk=531b5c0beb405c822e6c::c0000 | evidence=ServiceNow and NVIDIA Announce Partnership to Build Generative AI Across Enterprise IT

=== VECTOR ===
[chunk_id=531b5c0beb405c822e6c::c0000 | date=2023-05-17 | score=0.582]
ServiceNow and NVIDIA Announce Partnership to Build Generative AI Across Enterprise IT. ServiceNow and NVIDIA today announced a partnership to develop powerful enterprise-grade generative AI capabilities that can transform business processes with faster more intelligent workflow automation.

[chunk_id=8dbd50499a511691151c::c0000 | date=2023-05-18 | score=0.582]
Knowledge 2023 - ServiceNow looks beyond general purpose generative AI to domain-specific use cases. ServiceNow has this week revealed how it is planning to capitalize on the recent rapid advancements seen in the field of generative AI using large language models (LLMs) - showcasing some of the potential use cases live on stage during its second Knowledge 2023 keynote in Las Vegas this week.

[chunk_id=060079074c76bc41fc07::c0000 | date=2023-08-09 | score=0.562]
Microsoft Industry Blogs: Manufacturing and mobility. Today’s new AI capabilities announcement for Copilot in Dynamics 365 Field Service is especially impactful for ... the world’s leading market-intelligence providers for the information technology and consumer technology markets and they have published ...

[chunk_id=61d4287d7202db592481::c0000 | date=2023-09-25 | score=0.548]
Evolve Information Solutions Announces New Reseller Agreement with Priority Software. Reseller Partnership expands Evolve Information Solutions retail management solutions among forward-thinking US retailers. MINNEAPOLIS Sept. 25 2023 /PRNewswire/ -- Evolve Information Systems a leader in providing cutting-edge enterprise retail technology solutions

[chunk_id=c3abd66a20fd72dc538f::c0000 | date=2023-01-04 | score=0.548]
In the new year AI will reshape the technology industry and its relationship with the masses. The year AI that is artificial intelligence went from the guarded walls of big technology ... real-time information that is easy to consume. As with all rapidly changing fields there is a lot of uncertainty. AI will impact products services and ...

[chunk_id=888196b6e1e07e67c3ae::c0000 | date=2023-07-26 | score=0.540]
ServiceNow Expands Generative AI Capabilities With Case Summarization and Text-to-Code to Drive Speed Productivity and Value. Case summarization and text-to-code join ServiceNow''s growing Now Assist family of generative AI features being infused into the ServiceNow platform across all workflow offerings. ServiceNow has already seen significant productivity improvements for customers using early access versions of its previously announced generative AI capabilities",0.8374208000022918,8.362881799985189,988,1512,0
first5000-title-v2-openrouter-free,G5000-07,cross-doc,How did ServiceNow's July generative-AI expansion differ between its platform features and its ecosystem program with NVIDIA and Accenture?,"ServiceNow expanded the Now Assist feature set with case summarization and text-to-code inside its workflow platform, while separately joining NVIDIA and Accenture to launch AI Lighthouse, an enterprise generative-AI adoption program.","ServiceNow’s July push on generative‑AI split into two complementary strands:

1. **Platform‑side feature rollout** – On July 26 the company added new generative‑AI capabilities directly to its Now platform. These included **case‑summarization** and **text‑to‑code** tools that feed into the broader Now Assist family, aiming to speed up workflow productivity for IT teams [chunk_id=888196b6e1e07e67c3ae].

2. **Ecosystem partnership launch** – On July 27 ServiceNow, NVIDIA and Accenture announced **AI Lighthouse**, a joint program designed to accelerate enterprise adoption of generative‑AI. The initiative bundles NVIDIA’s GPU and AI software expertise with Accenture’s consulting reach, creating a marketplace‑style ecosystem for customers to build and deploy AI solutions on ServiceNow’s platform [chunk_id=a5a8b0ece135c638d4f0].

Thus, the platform expansion added specific AI features to ServiceNow’s own product, while the ecosystem program created a collaborative partnership framework to help customers adopt and extend those capabilities.","ServiceNow’s July 2023 generative‑AI rollout had two distinct facets:

1. **Platform‑level feature expansion** – On 26 July, ServiceNow added new generative‑AI capabilities to its core platform, notably **case‑summarization** and **text‑to‑code** tools that feed into the broader Now Assist family. These features were built into the platform’s workflow engine to boost productivity and value for customers using the platform directly [chunk_id=888196b6e1e07e67c3ae::c0000].

2. **Ecosystem partnership program** – On 27 July, ServiceNow announced a joint initiative with **NVIDIA and Accenture** called **AI Lighthouse**. This program is an ecosystem‑wide effort to accelerate enterprise adoption of generative AI, combining NVIDIA’s GPU and AI expertise with Accenture’s consulting reach, rather than adding new platform features itself [chunk_id=a5a8b0ece135c638d4f0::c0000].

Thus, the platform expansion added specific AI tools inside ServiceNow’s own product, while the ecosystem program created a collaborative framework with NVIDIA and Accenture to promote generative‑AI adoption across enterprises.","[chunk_id=a5a8b0ece135c638d4f0::c0000 | date=2023-07-27 | score=0.730]
ServiceNow NVIDIA and Accenture Partner to Accelerate Generative AI Adoption for Enterprises. ServiceNow NVIDIA and Accenture today announced the launch of AI Lighthouse a first-of-its-kind program designed

[chunk_id=531b5c0beb405c822e6c::c0000 | date=2023-05-17 | score=0.668]
ServiceNow and NVIDIA Announce Partnership to Build Generative AI Across Enterprise IT. ServiceNow and NVIDIA today announced a partnership to develop powerful enterprise-grade generative AI capabilities that can transform business processes with faster more intelligent workflow automation.

[chunk_id=5d479b59c6d424d4a679::c0000 | date=2023-06-13 | score=0.610]
ServiceNow extends its AI capabilities with Now Assist for Virtual Agent. During the event ServiceNow introduced several new generative AI features for its platform. Now Assist for Virtual Agent builds on those features. ServiceNow’s namesake cloud platform helps information technology teams manage their day-to-day work.

[chunk_id=8dbd50499a511691151c::c0000 | date=2023-05-18 | score=0.498]
Knowledge 2023 - ServiceNow looks beyond general purpose generative AI to domain-specific use cases. ServiceNow has this week revealed how it is planning to capitalize on the recent rapid advancements seen in the field of generative AI using large language models (LLMs) - showcasing some of the potential use cases live on stage during its second Knowledge 2023 keynote in Las Vegas this week.

[chunk_id=3a1191cd49142548e77e::c0000 | date=2023-03-22 | score=0.489]
ServiceNow extends its Now platform with new AI and cybersecurity features. ServiceNow Inc. is rolling out a new version of its Now platform that features several artificial intelligence and cybersecurity enhancements. The new version known as the Utah release made its debut today.

[chunk_id=888196b6e1e07e67c3ae::c0000 | date=2023-07-26 | score=0.484]
ServiceNow Expands Generative AI Capabilities With Case Summarization and Text-to-Code to Drive Speed Productivity and Value. Case summarization and text-to-code join ServiceNow''s growing Now Assist family of generative AI features being infused into the ServiceNow platform across all workflow offerings. ServiceNow has already seen significant productivity improvements for customers using early access versions of its previously announced generative AI capabilities","=== GRAPH ===
Deloitte [Company] -PARTNERED_WITH-> ServiceNow [Company] | date=2023-09-21 | chunk=1906ed4e6e32c255c7af::c0000 | evidence=Deloitte and ServiceNow Expand Alliance to Integrate Now Assist Generative AI Capabilities With Next-Generation Managed Services
ServiceNow [Company] -PARTNERED_WITH-> Accenture [Company] | date=2023-07-27 | chunk=a5a8b0ece135c638d4f0::c0000 | evidence=ServiceNow NVIDIA and Accenture Partner to Accelerate Generative AI Adoption for Enterprises
ServiceNow [Company] -PARTNERED_WITH-> NVIDIA [Company] | date=2023-07-27 | chunk=a5a8b0ece135c638d4f0::c0000 | evidence=ServiceNow NVIDIA and Accenture Partner to Accelerate Generative AI Adoption for Enterprises
ServiceNow [Company] -DEVELOPED-> Generative AI Features [Technology] | date=2023-07-26 | chunk=888196b6e1e07e67c3ae::c0000 | evidence=ServiceNow Expands Generative AI Capabilities With Case Summarization and Text-to-Code to Drive Speed Productivity and Value.
ServiceNow [Company] -DEVELOPED-> Now Assist for Virtual Agent [Technology] | date=2023-06-13 | chunk=5d479b59c6d424d4a679::c0000 | evidence=ServiceNow extends its AI capabilities with Now Assist for Virtual Agent
ServiceNow [Company] -DEVELOPED-> ServiceNow Generative AI Controller [Technology] | date=2023-06-13 | chunk=5d479b59c6d424d4a679::c0000 | evidence=Now Assist for Virtual Agent is powered by ServiceNow Generative AI Controller
ServiceNow [Company] -PARTNERED_WITH-> NVIDIA [Company] | date=2023-05-17 | chunk=531b5c0beb405c822e6c::c0000 | evidence=ServiceNow and NVIDIA Announce Partnership to Build Generative AI Across Enterprise IT

=== VECTOR ===
[chunk_id=a5a8b0ece135c638d4f0::c0000 | date=2023-07-27 | score=0.730]
ServiceNow NVIDIA and Accenture Partner to Accelerate Generative AI Adoption for Enterprises. ServiceNow NVIDIA and Accenture today announced the launch of AI Lighthouse a first-of-its-kind program designed

[chunk_id=531b5c0beb405c822e6c::c0000 | date=2023-05-17 | score=0.668]
ServiceNow and NVIDIA Announce Partnership to Build Generative AI Across Enterprise IT. ServiceNow and NVIDIA today announced a partnership to develop powerful enterprise-grade generative AI capabilities that can transform business processes with faster more intelligent workflow automation.

[chunk_id=5d479b59c6d424d4a679::c0000 | date=2023-06-13 | score=0.610]
ServiceNow extends its AI capabilities with Now Assist for Virtual Agent. During the event ServiceNow introduced several new generative AI features for its platform. Now Assist for Virtual Agent builds on those features. ServiceNow’s namesake cloud platform helps information technology teams manage their day-to-day work.

[chunk_id=8dbd50499a511691151c::c0000 | date=2023-05-18 | score=0.498]
Knowledge 2023 - ServiceNow looks beyond general purpose generative AI to domain-specific use cases. ServiceNow has this week revealed how it is planning to capitalize on the recent rapid advancements seen in the field of generative AI using large language models (LLMs) - showcasing some of the potential use cases live on stage during its second Knowledge 2023 keynote in Las Vegas this week.

[chunk_id=3a1191cd49142548e77e::c0000 | date=2023-03-22 | score=0.489]
ServiceNow extends its Now platform with new AI and cybersecurity features. ServiceNow Inc. is rolling out a new version of its Now platform that features several artificial intelligence and cybersecurity enhancements. The new version known as the Utah release made its debut today.

[chunk_id=888196b6e1e07e67c3ae::c0000 | date=2023-07-26 | score=0.484]
ServiceNow Expands Generative AI Capabilities With Case Summarization and Text-to-Code to Drive Speed Productivity and Value. Case summarization and text-to-code join ServiceNow''s growing Now Assist family of generative AI features being infused into the ServiceNow platform across all workflow offerings. ServiceNow has already seen significant productivity improvements for customers using early access versions of its previously announced generative AI capabilities",7.667713899980299,13.240133800019976,1030,1458,0
first5000-title-v2-openrouter-free,G5000-08,multi-hop,"Which external organizations are connected to ServiceNow's generative-AI efforts in the selected data, and what distinct role does each play?",NVIDIA is ServiceNow's generative-AI technology partner and later co-launch partner for AI Lighthouse; Accenture joins ServiceNow and NVIDIA in AI Lighthouse; Deloitte later expands its alliance with ServiceNow to integrate Now Assist generative-AI capabilities with next-generation managed services.,"External organizations linked to ServiceNow’s generative‑AI initiatives and their distinct roles are:

| External organization | Role in ServiceNow’s generative‑AI efforts |
|------------------------|-------------------------------------------|
| **NVIDIA** | Partner to develop enterprise‑grade generative‑AI capabilities that transform business processes and workflow automation across IT. [chunk_id=531b5c0beb405c822e6c::c0000] |
| **Deloitte** | Expanded alliance to integrate ServiceNow’s Now Assist generative‑AI features into Deloitte’s Operate managed‑services offering, helping customers manage ongoing operational and technology needs. [chunk_id=eb746e73990fceb34bd5] |
| **HCLTech** | Collaborated with Microsoft to boost innovation and adoption of generative AI, leveraging HCLTech’s domain expertise and Microsoft’s Azure OpenAI Service. [chunk_id=b47b8877c942060c9502] |
| **Microsoft** | Provides the Azure OpenAI Service that powers the HCLTech‑ServiceNow collaboration, enabling generative‑AI solutions for employee productivity and IT operations. [chunk_id=b47b8877c942060c9502] |

These organizations each contribute a specific capability—hardware/AI platform (NVIDIA), managed‑services integration (Deloitte), domain expertise and partnership","The external organizations linked to ServiceNow’s generative‑AI initiatives are:

| External organization | Role in ServiceNow’s generative‑AI efforts |
|------------------------|-------------------------------------------|
| **Deloitte** | Partnered to integrate ServiceNow’s Now Assist generative‑AI capabilities into next‑generation managed services, expanding the alliance to deliver AI‑powered workflow automation for customers. [chunk_id=eb746e73990fceb34bd5] |
| **NVIDIA** | Partnered to build enterprise‑grade generative‑AI capabilities across IT, collaborating on technology that powers ServiceNow’s AI features such as Now Assist and the Generative AI Controller. [chunk_id=531b5c0beb405c822e6c] |
| **Accenture** | Partnered to accelerate generative‑AI adoption for enterprises, working with ServiceNow and NVIDIA to promote AI‑driven solutions. [chunk_id=a5a8b0ece135c638d4f0] |

These three organizations each play a distinct partnership role—Deloitte focuses on managed‑services integration, NVIDIA on AI technology development, and Accenture on broader enterprise adoption.","[chunk_id=531b5c0beb405c822e6c::c0000 | date=2023-05-17 | score=0.648]
ServiceNow and NVIDIA Announce Partnership to Build Generative AI Across Enterprise IT. ServiceNow and NVIDIA today announced a partnership to develop powerful enterprise-grade generative AI capabilities that can transform business processes with faster more intelligent workflow automation.

[chunk_id=ade2950ccd87a19f1f44::c0000 | date=2023-07-01 | score=0.638]
New technology jobs needed for AI. from employee-facing tasks to customer service. This growing trend of end-to-end automation — boosted by generative AI capturing the imagination of organisations in recent times — will make way for the creation of new technology job roles. Here ...

[chunk_id=a7d80e1e8a20d2a98b74::c0000 | date=2023-07-01 | score=0.633]
New technology jobs needed for AI. This growing trend of end-to-end automation — boosted by generative AI capturing the imagination of organisations in recent times — will make way for the creation of new technology job ... for example financial services institutions is that they ...

[chunk_id=eb746e73990fceb34bd5::c0000 | date=2023-10-26 | score=0.620]
Deloitte and ServiceNow Expand Alliance to Integrate Now Assist Generative AI Capabilities With Next-Generation Managed Services. Deloitte’s Operate services are focused on helping customers manage their organizations’ ongoing operational and technology needs through strategically ... for employees and the enterprise. For more information visit: www.servicenow.com.

[chunk_id=b47b8877c942060c9502::c0000 | date=2023-06-15 | score=0.605]
HCLTech and Microsoft Expand Collaboration to Boost Innovation and Adoption of Generative AI with Microsoft's Azure OpenAI Service. Leveraging HCLTech''s deep domain expertise across various industries and Microsoft''s Azure OpenAI Service clients will benefit from innovative solutions that enhance employee productivity streamline IT operations

[chunk_id=5d479b59c6d424d4a679::c0000 | date=2023-06-13 | score=0.597]
ServiceNow extends its AI capabilities with Now Assist for Virtual Agent. During the event ServiceNow introduced several new generative AI features for its platform. Now Assist for Virtual Agent builds on those features. ServiceNow’s namesake cloud platform helps information technology teams manage their day-to-day work.","=== GRAPH ===
Deloitte [Company] -PARTNERED_WITH-> ServiceNow [Company] | date=2023-09-21 | chunk=1906ed4e6e32c255c7af::c0000 | evidence=Deloitte and ServiceNow Expand Alliance to Integrate Now Assist Generative AI Capabilities With Next-Generation Managed Services
ServiceNow [Company] -PARTNERED_WITH-> NVIDIA [Company] | date=2023-07-27 | chunk=a5a8b0ece135c638d4f0::c0000 | evidence=ServiceNow NVIDIA and Accenture Partner to Accelerate Generative AI Adoption for Enterprises
ServiceNow [Company] -PARTNERED_WITH-> Accenture [Company] | date=2023-07-27 | chunk=a5a8b0ece135c638d4f0::c0000 | evidence=ServiceNow NVIDIA and Accenture Partner to Accelerate Generative AI Adoption for Enterprises
ServiceNow [Company] -DEVELOPED-> Generative AI Features [Technology] | date=2023-07-26 | chunk=888196b6e1e07e67c3ae::c0000 | evidence=ServiceNow Expands Generative AI Capabilities With Case Summarization and Text-to-Code to Drive Speed Productivity and Value.
ServiceNow [Company] -DEVELOPED-> Now Assist for Virtual Agent [Technology] | date=2023-06-13 | chunk=5d479b59c6d424d4a679::c0000 | evidence=ServiceNow extends its AI capabilities with Now Assist for Virtual Agent
ServiceNow [Company] -DEVELOPED-> ServiceNow Generative AI Controller [Technology] | date=2023-06-13 | chunk=5d479b59c6d424d4a679::c0000 | evidence=Now Assist for Virtual Agent is powered by ServiceNow Generative AI Controller
ServiceNow [Company] -PARTNERED_WITH-> NVIDIA [Company] | date=2023-05-17 | chunk=531b5c0beb405c822e6c::c0000 | evidence=ServiceNow and NVIDIA Announce Partnership to Build Generative AI Across Enterprise IT

=== VECTOR ===
[chunk_id=531b5c0beb405c822e6c::c0000 | date=2023-05-17 | score=0.648]
ServiceNow and NVIDIA Announce Partnership to Build Generative AI Across Enterprise IT. ServiceNow and NVIDIA today announced a partnership to develop powerful enterprise-grade generative AI capabilities that can transform business processes with faster more intelligent workflow automation.

[chunk_id=ade2950ccd87a19f1f44::c0000 | date=2023-07-01 | score=0.638]
New technology jobs needed for AI. from employee-facing tasks to customer service. This growing trend of end-to-end automation — boosted by generative AI capturing the imagination of organisations in recent times — will make way for the creation of new technology job roles. Here ...

[chunk_id=a7d80e1e8a20d2a98b74::c0000 | date=2023-07-01 | score=0.633]
New technology jobs needed for AI. This growing trend of end-to-end automation — boosted by generative AI capturing the imagination of organisations in recent times — will make way for the creation of new technology job ... for example financial services institutions is that they ...

[chunk_id=eb746e73990fceb34bd5::c0000 | date=2023-10-26 | score=0.620]
Deloitte and ServiceNow Expand Alliance to Integrate Now Assist Generative AI Capabilities With Next-Generation Managed Services. Deloitte’s Operate services are focused on helping customers manage their organizations’ ongoing operational and technology needs through strategically ... for employees and the enterprise. For more information visit: www.servicenow.com.

[chunk_id=b47b8877c942060c9502::c0000 | date=2023-06-15 | score=0.605]
HCLTech and Microsoft Expand Collaboration to Boost Innovation and Adoption of Generative AI with Microsoft's Azure OpenAI Service. Leveraging HCLTech''s deep domain expertise across various industries and Microsoft''s Azure OpenAI Service clients will benefit from innovative solutions that enhance employee productivity streamline IT operations

[chunk_id=5d479b59c6d424d4a679::c0000 | date=2023-06-13 | score=0.597]
ServiceNow extends its AI capabilities with Now Assist for Virtual Agent. During the event ServiceNow introduced several new generative AI features for its platform. Now Assist for Virtual Agent builds on those features. ServiceNow’s namesake cloud platform helps information technology teams manage their day-to-day work.",7.425998400023673,13.118711600021925,1037,1453,0
first5000-title-v2-openrouter-free,G5000-09,cross-doc,Two June 13 reports describe Now Assist for Virtual Agent. What should a deduplicated graph store as the core event and capability?,"A single ServiceNow product event: Now Assist for Virtual Agent extends ServiceNow's generative-AI capabilities for conversational/self-service experiences, using the ServiceNow Generative AI Controller and returning information in formats such as text, links, images, video, or relevant knowledge-base excerpts.","Core event: ServiceNow extends its AI capabilities with the launch of **Now Assist for Virtual Agent**【chunk_id=5d479b59c6d424d4a679::c0000】.  
Core capability: Introduction of **generative‑AI features for the ServiceNow platform** that power the new virtual agent【chunk_id=5d479b59c6d424d4a679::c0000】.","**Core event**: ServiceNow DEVELOPED Now Assist for Virtual Agent on 2023‑06‑13 [chunk_id=5d479b59c6d424d4a679::c0000].  

**Core capability**: Now Assist for Virtual Agent is powered by ServiceNow Generative AI Controller [chunk_id=5d479b59c6d424d4a679::c0000].","[chunk_id=5d479b59c6d424d4a679::c0000 | date=2023-06-13 | score=0.433]
ServiceNow extends its AI capabilities with Now Assist for Virtual Agent. During the event ServiceNow introduced several new generative AI features for its platform. Now Assist for Virtual Agent builds on those features. ServiceNow’s namesake cloud platform helps information technology teams manage their day-to-day work.

[chunk_id=127fbbd7afb3d21b8f46::c0000 | date=2023-03-16 | score=0.394]
Claroty Announces Vulnerability Response Integrations with ServiceNow Service Graph Connector. Claroty the cyber-physical systems protection company today announced it has further expanded its footprint within the ServiceNow ecosystem by releasing a new set of native integrations leveraging the Service Graph Connector (SGC) and Vulnerability Response (VR) infrastructure.

[chunk_id=6bf2e9ac980dd83f0a88::c0000 | date=2023-03-22 | score=0.380]
Ordr Announces Integration with ServiceNow Service Graph Connector Program. IT organizations are empowered with a broad and deep data foundation for managing the entire lifecycle of digital products and services. Service Graph underpins all ServiceNow products allowing customers to tie together technology people and processes ...

[chunk_id=264d1b9d346656ddf765::c0000 | date=2023-06-20 | score=0.373]
OpenAI plans app store for AI software The Information reports. plans to launch a marketplace that will allow developers to sell their AI models built on top of its own AI technology news site the Information reported on Tuesday citing people with knowledge ...

[chunk_id=fb6fd7af99511b1eb0a8::c0000 | date=2023-08-08 | score=0.360]
Oppenheimer & Co. Inc. Gathers Innovators for 26th Annual Technology Internet & Communications Conference. Virtual Event Brings Together Approximately 1000 Attendees for one-on-one Meetings with Management Teams of Leading Companies Sectors Include Analytics Cloud Collaboration & Work Automation Cybersecurity

[chunk_id=b79a700c32d38dfbb808::c0000 | date=2023-07-20 | score=0.357]
Data Innovations Announces New Generation of Lab Productivity Software with Instrument Manager™ 2023. Signifying a change in the company''s product development approach DI is calling the shift '""ReIMagination.'"" The first app to be developed within the DI Gateway framework part of IM 2023 is called Test Properties. Moving forward all new DI lab automation and productivity web apps will be developed within this framework.","=== GRAPH ===
Deloitte [Company] -PARTNERED_WITH-> ServiceNow [Company] | date=2023-09-21 | chunk=1906ed4e6e32c255c7af::c0000 | evidence=Deloitte and ServiceNow Expand Alliance to Integrate Now Assist Generative AI Capabilities With Next-Generation Managed Services
ServiceNow [Company] -PARTNERED_WITH-> NVIDIA [Company] | date=2023-07-27 | chunk=a5a8b0ece135c638d4f0::c0000 | evidence=ServiceNow NVIDIA and Accenture Partner to Accelerate Generative AI Adoption for Enterprises
ServiceNow [Company] -PARTNERED_WITH-> Accenture [Company] | date=2023-07-27 | chunk=a5a8b0ece135c638d4f0::c0000 | evidence=ServiceNow NVIDIA and Accenture Partner to Accelerate Generative AI Adoption for Enterprises
ServiceNow [Company] -DEVELOPED-> Generative AI Features [Technology] | date=2023-07-26 | chunk=888196b6e1e07e67c3ae::c0000 | evidence=ServiceNow Expands Generative AI Capabilities With Case Summarization and Text-to-Code to Drive Speed Productivity and Value.
ServiceNow [Company] -DEVELOPED-> Now Assist for Virtual Agent [Technology] | date=2023-06-13 | chunk=5d479b59c6d424d4a679::c0000 | evidence=ServiceNow extends its AI capabilities with Now Assist for Virtual Agent
ServiceNow [Company] -DEVELOPED-> ServiceNow Generative AI Controller [Technology] | date=2023-06-13 | chunk=5d479b59c6d424d4a679::c0000 | evidence=Now Assist for Virtual Agent is powered by ServiceNow Generative AI Controller
ServiceNow [Company] -PARTNERED_WITH-> NVIDIA [Company] | date=2023-05-17 | chunk=531b5c0beb405c822e6c::c0000 | evidence=ServiceNow and NVIDIA Announce Partnership to Build Generative AI Across Enterprise IT

=== VECTOR ===
[chunk_id=5d479b59c6d424d4a679::c0000 | date=2023-06-13 | score=0.433]
ServiceNow extends its AI capabilities with Now Assist for Virtual Agent. During the event ServiceNow introduced several new generative AI features for its platform. Now Assist for Virtual Agent builds on those features. ServiceNow’s namesake cloud platform helps information technology teams manage their day-to-day work.

[chunk_id=127fbbd7afb3d21b8f46::c0000 | date=2023-03-16 | score=0.394]
Claroty Announces Vulnerability Response Integrations with ServiceNow Service Graph Connector. Claroty the cyber-physical systems protection company today announced it has further expanded its footprint within the ServiceNow ecosystem by releasing a new set of native integrations leveraging the Service Graph Connector (SGC) and Vulnerability Response (VR) infrastructure.

[chunk_id=6bf2e9ac980dd83f0a88::c0000 | date=2023-03-22 | score=0.380]
Ordr Announces Integration with ServiceNow Service Graph Connector Program. IT organizations are empowered with a broad and deep data foundation for managing the entire lifecycle of digital products and services. Service Graph underpins all ServiceNow products allowing customers to tie together technology people and processes ...

[chunk_id=264d1b9d346656ddf765::c0000 | date=2023-06-20 | score=0.373]
OpenAI plans app store for AI software The Information reports. plans to launch a marketplace that will allow developers to sell their AI models built on top of its own AI technology news site the Information reported on Tuesday citing people with knowledge ...

[chunk_id=fb6fd7af99511b1eb0a8::c0000 | date=2023-08-08 | score=0.360]
Oppenheimer & Co. Inc. Gathers Innovators for 26th Annual Technology Internet & Communications Conference. Virtual Event Brings Together Approximately 1000 Attendees for one-on-one Meetings with Management Teams of Leading Companies Sectors Include Analytics Cloud Collaboration & Work Automation Cybersecurity

[chunk_id=b79a700c32d38dfbb808::c0000 | date=2023-07-20 | score=0.357]
Data Innovations Announces New Generation of Lab Productivity Software with Instrument Manager™ 2023. Signifying a change in the company''s product development approach DI is calling the shift '""ReIMagination.'"" The first app to be developed within the DI Gateway framework part of IM 2023 is called Test Properties. Moving forward all new DI lab automation and productivity web apps will be developed within this framework.",7.473894199996721,10.040743499994278,898,1347,0
first5000-title-v2-openrouter-free,G5000-10,multi-hop,What sequence shows ServiceNow moving from domain-specific generative-AI exploration to concrete workflow features?,"At Knowledge 2023, ServiceNow emphasized domain-specific generative-AI/LLM use cases; in June it introduced Now Assist for Virtual Agent; by July it expanded Now Assist with case summarization and text-to-code across workflow offerings.","ServiceNow’s progression can be traced in three stages:

1. **Domain‑specific generative‑AI exploration** – At Knowledge 2023 (May 18 2023) the company highlighted how it was looking beyond generic LLMs to “domain‑specific use cases” and showcased potential applications live on stage [chunk_id=8dbd50499a511691151c::c0000].

2. **Concrete workflow features added** – In late July 2023 ServiceNow announced the addition of **case summarization** and **text‑to‑code** capabilities, which were integrated into its Now Assist family and began delivering measurable productivity gains [chunk_id=888196b6e1e07e67c3ae::c0000].

3. **Further workflow‑centric AI tools** – Earlier in June 2023 the platform introduced **Now Assist for Virtual Agent**, a generative‑AI‑powered virtual agent that directly supports day‑to‑day IT operations [chunk_id=5d479b59c6d424d4a679::c0000].

Thus, ServiceNow moved from exploring domain‑specific generative‑AI concepts to embedding concrete, workflow‑focused AI features such as case summarization, text‑to‑code, and virtual‑agent assistance.","ServiceNow’s progression from exploratory, domain‑specific generative‑AI work to concrete workflow features can be traced in the following order:

1. **May 17 2023 – Partnership with NVIDIA**  
   ServiceNow announced a collaboration with NVIDIA to build enterprise‑grade generative‑AI capabilities that could transform business processes and workflow automation. [chunk_id=531b5c0beb405c822e6c::c0000]

2. **May 18 2023 – Knowledge 2023 keynote**  
   At the Knowledge 2023 event, ServiceNow showcased live demonstrations of domain‑specific generative‑AI use cases, signalling a move beyond general‑purpose models toward targeted workflow applications. [chunk_id=8dbd50499a511691151c::c0000]

3. **June 13 2023 – Now Assist for Virtual Agent**  
   The company introduced Now Assist for Virtual Agent, a generative‑AI feature that powers virtual agents and begins to embed AI directly into day‑to‑day IT workflows. [chunk_id=5d479b59c6d424d4a679::c0000]

4. **July 26 2023 – Case Summarization and Text‑to‑Code**  
   ServiceNow expanded its Now Assist family with case‑summarization and text‑to‑code capabilities, further integrating generative AI into its platform","[chunk_id=8dbd50499a511691151c::c0000 | date=2023-05-18 | score=0.663]
Knowledge 2023 - ServiceNow looks beyond general purpose generative AI to domain-specific use cases. ServiceNow has this week revealed how it is planning to capitalize on the recent rapid advancements seen in the field of generative AI using large language models (LLMs) - showcasing some of the potential use cases live on stage during its second Knowledge 2023 keynote in Las Vegas this week.

[chunk_id=888196b6e1e07e67c3ae::c0000 | date=2023-07-26 | score=0.662]
ServiceNow Expands Generative AI Capabilities With Case Summarization and Text-to-Code to Drive Speed Productivity and Value. Case summarization and text-to-code join ServiceNow''s growing Now Assist family of generative AI features being infused into the ServiceNow platform across all workflow offerings. ServiceNow has already seen significant productivity improvements for customers using early access versions of its previously announced generative AI capabilities

[chunk_id=531b5c0beb405c822e6c::c0000 | date=2023-05-17 | score=0.602]
ServiceNow and NVIDIA Announce Partnership to Build Generative AI Across Enterprise IT. ServiceNow and NVIDIA today announced a partnership to develop powerful enterprise-grade generative AI capabilities that can transform business processes with faster more intelligent workflow automation.

[chunk_id=ade2950ccd87a19f1f44::c0000 | date=2023-07-01 | score=0.578]
New technology jobs needed for AI. from employee-facing tasks to customer service. This growing trend of end-to-end automation — boosted by generative AI capturing the imagination of organisations in recent times — will make way for the creation of new technology job roles. Here ...

[chunk_id=5d479b59c6d424d4a679::c0000 | date=2023-06-13 | score=0.538]
ServiceNow extends its AI capabilities with Now Assist for Virtual Agent. During the event ServiceNow introduced several new generative AI features for its platform. Now Assist for Virtual Agent builds on those features. ServiceNow’s namesake cloud platform helps information technology teams manage their day-to-day work.

[chunk_id=a7d80e1e8a20d2a98b74::c0000 | date=2023-07-01 | score=0.518]
New technology jobs needed for AI. This growing trend of end-to-end automation — boosted by generative AI capturing the imagination of organisations in recent times — will make way for the creation of new technology job ... for example financial services institutions is that they ...","=== GRAPH ===
Deloitte [Company] -PARTNERED_WITH-> ServiceNow [Company] | date=2023-09-21 | chunk=1906ed4e6e32c255c7af::c0000 | evidence=Deloitte and ServiceNow Expand Alliance to Integrate Now Assist Generative AI Capabilities With Next-Generation Managed Services
ServiceNow [Company] -PARTNERED_WITH-> NVIDIA [Company] | date=2023-07-27 | chunk=a5a8b0ece135c638d4f0::c0000 | evidence=ServiceNow NVIDIA and Accenture Partner to Accelerate Generative AI Adoption for Enterprises
ServiceNow [Company] -PARTNERED_WITH-> Accenture [Company] | date=2023-07-27 | chunk=a5a8b0ece135c638d4f0::c0000 | evidence=ServiceNow NVIDIA and Accenture Partner to Accelerate Generative AI Adoption for Enterprises
ServiceNow [Company] -DEVELOPED-> Generative AI Features [Technology] | date=2023-07-26 | chunk=888196b6e1e07e67c3ae::c0000 | evidence=ServiceNow Expands Generative AI Capabilities With Case Summarization and Text-to-Code to Drive Speed Productivity and Value.
ServiceNow [Company] -DEVELOPED-> Now Assist for Virtual Agent [Technology] | date=2023-06-13 | chunk=5d479b59c6d424d4a679::c0000 | evidence=ServiceNow extends its AI capabilities with Now Assist for Virtual Agent
ServiceNow [Company] -DEVELOPED-> ServiceNow Generative AI Controller [Technology] | date=2023-06-13 | chunk=5d479b59c6d424d4a679::c0000 | evidence=Now Assist for Virtual Agent is powered by ServiceNow Generative AI Controller
ServiceNow [Company] -PARTNERED_WITH-> NVIDIA [Company] | date=2023-05-17 | chunk=531b5c0beb405c822e6c::c0000 | evidence=ServiceNow and NVIDIA Announce Partnership to Build Generative AI Across Enterprise IT

=== VECTOR ===
[chunk_id=8dbd50499a511691151c::c0000 | date=2023-05-18 | score=0.663]
Knowledge 2023 - ServiceNow looks beyond general purpose generative AI to domain-specific use cases. ServiceNow has this week revealed how it is planning to capitalize on the recent rapid advancements seen in the field of generative AI using large language models (LLMs) - showcasing some of the potential use cases live on stage during its second Knowledge 2023 keynote in Las Vegas this week.

[chunk_id=888196b6e1e07e67c3ae::c0000 | date=2023-07-26 | score=0.662]
ServiceNow Expands Generative AI Capabilities With Case Summarization and Text-to-Code to Drive Speed Productivity and Value. Case summarization and text-to-code join ServiceNow''s growing Now Assist family of generative AI features being infused into the ServiceNow platform across all workflow offerings. ServiceNow has already seen significant productivity improvements for customers using early access versions of its previously announced generative AI capabilities

[chunk_id=531b5c0beb405c822e6c::c0000 | date=2023-05-17 | score=0.602]
ServiceNow and NVIDIA Announce Partnership to Build Generative AI Across Enterprise IT. ServiceNow and NVIDIA today announced a partnership to develop powerful enterprise-grade generative AI capabilities that can transform business processes with faster more intelligent workflow automation.

[chunk_id=ade2950ccd87a19f1f44::c0000 | date=2023-07-01 | score=0.578]
New technology jobs needed for AI. from employee-facing tasks to customer service. This growing trend of end-to-end automation — boosted by generative AI capturing the imagination of organisations in recent times — will make way for the creation of new technology job roles. Here ...

[chunk_id=5d479b59c6d424d4a679::c0000 | date=2023-06-13 | score=0.538]
ServiceNow extends its AI capabilities with Now Assist for Virtual Agent. During the event ServiceNow introduced several new generative AI features for its platform. Now Assist for Virtual Agent builds on those features. ServiceNow’s namesake cloud platform helps information technology teams manage their day-to-day work.

[chunk_id=a7d80e1e8a20d2a98b74::c0000 | date=2023-07-01 | score=0.518]
New technology jobs needed for AI. This growing trend of end-to-end automation — boosted by generative AI capturing the imagination of organisations in recent times — will make way for the creation of new technology job ... for example financial services institutions is that they ...",6.520289600011893,11.673970799951348,1053,1543,0
first5000-title-v2-openrouter-free,G5000-11,cross-doc,Compare the May ServiceNow–NVIDIA announcement with the July AI Lighthouse announcement. What new entity and new program appear in July?,"The May announcement is a bilateral ServiceNow–NVIDIA partnership to build enterprise-grade generative AI. In July, Accenture is added and the three companies launch the AI Lighthouse program.",The July announcement introduces **Accenture** as a new partner entity and launches the **AI Lighthouse** program. [chunk_id=a5a8b0ece135c638d4f0],"The July announcement introduces a **new partner entity**—**Accenture**—and a **new program**—the **AI Lighthouse** initiative. The May announcement only mentioned the ServiceNow‑NVIDIA partnership, whereas the July release adds Accenture as a partner and launches the AI Lighthouse program to accelerate generative‑AI adoption [chunk_id=a5a8b0ece135c638d4f0::c0000].","[chunk_id=a5a8b0ece135c638d4f0::c0000 | date=2023-07-27 | score=0.655]
ServiceNow NVIDIA and Accenture Partner to Accelerate Generative AI Adoption for Enterprises. ServiceNow NVIDIA and Accenture today announced the launch of AI Lighthouse a first-of-its-kind program designed

[chunk_id=531b5c0beb405c822e6c::c0000 | date=2023-05-17 | score=0.521]
ServiceNow and NVIDIA Announce Partnership to Build Generative AI Across Enterprise IT. ServiceNow and NVIDIA today announced a partnership to develop powerful enterprise-grade generative AI capabilities that can transform business processes with faster more intelligent workflow automation.

[chunk_id=2e19dff250aee349b5f0::c0000 | date=2023-08-21 | score=0.502]
NASA Plus Streaming Service Is Coming Soon. NASA will be launching its own streaming service later this year ... serve as an ever-expanding yet consolidated homebase for information about the agency''s missions and research climate data ...

[chunk_id=ec34bfe11bac90212e58::c0000 | date=2023-05-17 | score=0.502]
ServiceNow (NOW): New Buy Recommendation for This Technology Giant. The company offers its solutions to various sectors including healthcare education oil and gas telecommunications government consumer products technology IT and financial services. Read More on NOW: SHARE THIS POST ServiceNow NewsMORE Related Stocks ...

[chunk_id=c23ca8939c2b16f440ce::c0000 | date=2023-01-10 | score=0.478]
Connected Ship Solutions Market (New Report) 2023 Is Dazzling Worldwide |Size Share Demand and Analysis by 2029. Jan 10 2023 (The Expresswire) -- '""Pre and Post-COVID Research is Covered and Report Customization is Available | Latest 115 Pages Report'"" [115 Pages

[chunk_id=3a1191cd49142548e77e::c0000 | date=2023-03-22 | score=0.476]
ServiceNow extends its Now platform with new AI and cybersecurity features. ServiceNow Inc. is rolling out a new version of its Now platform that features several artificial intelligence and cybersecurity enhancements. The new version known as the Utah release made its debut today.","=== GRAPH ===
Deloitte [Company] -PARTNERED_WITH-> ServiceNow [Company] | date=2023-09-21 | chunk=1906ed4e6e32c255c7af::c0000 | evidence=Deloitte and ServiceNow Expand Alliance to Integrate Now Assist Generative AI Capabilities With Next-Generation Managed Services
ServiceNow [Company] -PARTNERED_WITH-> NVIDIA [Company] | date=2023-07-27 | chunk=a5a8b0ece135c638d4f0::c0000 | evidence=ServiceNow NVIDIA and Accenture Partner to Accelerate Generative AI Adoption for Enterprises
ServiceNow [Company] -PARTNERED_WITH-> Accenture [Company] | date=2023-07-27 | chunk=a5a8b0ece135c638d4f0::c0000 | evidence=ServiceNow NVIDIA and Accenture Partner to Accelerate Generative AI Adoption for Enterprises
ServiceNow [Company] -DEVELOPED-> Generative AI Features [Technology] | date=2023-07-26 | chunk=888196b6e1e07e67c3ae::c0000 | evidence=ServiceNow Expands Generative AI Capabilities With Case Summarization and Text-to-Code to Drive Speed Productivity and Value.
ServiceNow [Company] -DEVELOPED-> Now Assist for Virtual Agent [Technology] | date=2023-06-13 | chunk=5d479b59c6d424d4a679::c0000 | evidence=ServiceNow extends its AI capabilities with Now Assist for Virtual Agent
ServiceNow [Company] -DEVELOPED-> ServiceNow Generative AI Controller [Technology] | date=2023-06-13 | chunk=5d479b59c6d424d4a679::c0000 | evidence=Now Assist for Virtual Agent is powered by ServiceNow Generative AI Controller
ServiceNow [Company] -PARTNERED_WITH-> NVIDIA [Company] | date=2023-05-17 | chunk=531b5c0beb405c822e6c::c0000 | evidence=ServiceNow and NVIDIA Announce Partnership to Build Generative AI Across Enterprise IT

=== VECTOR ===
[chunk_id=a5a8b0ece135c638d4f0::c0000 | date=2023-07-27 | score=0.655]
ServiceNow NVIDIA and Accenture Partner to Accelerate Generative AI Adoption for Enterprises. ServiceNow NVIDIA and Accenture today announced the launch of AI Lighthouse a first-of-its-kind program designed

[chunk_id=531b5c0beb405c822e6c::c0000 | date=2023-05-17 | score=0.521]
ServiceNow and NVIDIA Announce Partnership to Build Generative AI Across Enterprise IT. ServiceNow and NVIDIA today announced a partnership to develop powerful enterprise-grade generative AI capabilities that can transform business processes with faster more intelligent workflow automation.

[chunk_id=2e19dff250aee349b5f0::c0000 | date=2023-08-21 | score=0.502]
NASA Plus Streaming Service Is Coming Soon. NASA will be launching its own streaming service later this year ... serve as an ever-expanding yet consolidated homebase for information about the agency''s missions and research climate data ...

[chunk_id=ec34bfe11bac90212e58::c0000 | date=2023-05-17 | score=0.502]
ServiceNow (NOW): New Buy Recommendation for This Technology Giant. The company offers its solutions to various sectors including healthcare education oil and gas telecommunications government consumer products technology IT and financial services. Read More on NOW: SHARE THIS POST ServiceNow NewsMORE Related Stocks ...

[chunk_id=c23ca8939c2b16f440ce::c0000 | date=2023-01-10 | score=0.478]
Connected Ship Solutions Market (New Report) 2023 Is Dazzling Worldwide |Size Share Demand and Analysis by 2029. Jan 10 2023 (The Expresswire) -- '""Pre and Post-COVID Research is Covered and Report Customization is Available | Latest 115 Pages Report'"" [115 Pages

[chunk_id=3a1191cd49142548e77e::c0000 | date=2023-03-22 | score=0.476]
ServiceNow extends its Now platform with new AI and cybersecurity features. ServiceNow Inc. is rolling out a new version of its Now platform that features several artificial intelligence and cybersecurity enhancements. The new version known as the Utah release made its debut today.",6.944507700041868,9.60117810004158,772,1389,0
first5000-title-v2-openrouter-free,G5000-12,multi-hop,"Starting from Now Assist, connect it to both a July platform enhancement and an October services alliance. What are the two outcomes?","In July, the Now Assist family was expanded with case summarization and text-to-code. In October, Deloitte and ServiceNow expanded their alliance to integrate Now Assist generative-AI capabilities with next-generation managed services.","I couldn’t find any information in the supplied context that describes an October services alliance. The only platform‑related enhancement mentioned is the July 11 announcement about managed services, which states that managed services can reduce cost and improve the performance and support of live services [chunk_id=861ca2079d38e7406d8b]. Since there is no October alliance referenced, I’m unable to provide the second outcome.","I couldn’t find any information in the supplied context about a July platform enhancement or an October services alliance that would allow me to identify the two outcomes. The available chunks mention a July 2023 note on managed services (chunk_id=861ca2079d38e7406d8b) but do not specify a particular outcome, and there is no October‑dated entry in the provided data. Therefore, I’m unable to answer the question with the given information.","[chunk_id=38e38c64bcca1ebdb905::c0000 | date=2023-01-19 | score=0.524]
Service1™ a Member and Provider Benefits Inquiry Management Platform by Simplify Healthcare Wins the 2023 Big Innovation Award. Simplify Healthcare announced it has been recognized as a winner in the 2023 BIG Innovation Awards presented by the Business Intelligence Group (BIG). The company received this accolade for the second year in a row for its member and provider benefits inquiry management platform

[chunk_id=a2fe2cc636f39a18f032::c0000 | date=2023-05-10 | score=0.476]
Options Announces Achievement of Microsoft Infrastructure Solutions Partner Status. Options Technology the leading provider of cloud-enabled managed services to the global capital markets today announced its achievement of Microsoft Solutions Partner designation for Infrastructure.

[chunk_id=33f76af2d7f1afee070c::c0000 | date=2022-12-14 | score=0.471]
Microsoft and Viasat announce new partnership to deliver internet access to underserved communities globally. New collaboration through the Microsoft Airband Initiative will increase internet availability for 5 million people across Africa and an additional 5 million people around the world by the end of 2025 REDMOND

[chunk_id=8467c7c229f626330849::c0000 | date=2023-06-14 | score=0.460]
Comtech E-Space Team Up to Make Space-Powered Connectivity Services Available and Actionable Anywhere. Space the company bridging Earth and space to enable hyper-scaled deployments of Internet of Things (IoT) solutions and services today announced a teaming agreement to collaborate develop and deploy innovative space-based communications solutions and IoT services to support predominantly government and targeted commercial customers.

[chunk_id=861ca2079d38e7406d8b::c0000 | date=2023-07-11 | score=0.452]
It’s time for managed services to start delivering for users. Managed services as a means of outsourcing to reduce cost and improve the performance and support of live services

[chunk_id=d47514c98696080cb8c0::c0000 | date=2022-12-13 | score=0.448]
Service Providers: The Digital Link Between Industries Society & Enterprise IT. Partners and Service Providers play an increasing role in bridging digital transformation goals into plans. Red Hat is weighing in on its role in industry.","=== GRAPH ===


=== VECTOR ===
[chunk_id=38e38c64bcca1ebdb905::c0000 | date=2023-01-19 | score=0.524]
Service1™ a Member and Provider Benefits Inquiry Management Platform by Simplify Healthcare Wins the 2023 Big Innovation Award. Simplify Healthcare announced it has been recognized as a winner in the 2023 BIG Innovation Awards presented by the Business Intelligence Group (BIG). The company received this accolade for the second year in a row for its member and provider benefits inquiry management platform

[chunk_id=a2fe2cc636f39a18f032::c0000 | date=2023-05-10 | score=0.476]
Options Announces Achievement of Microsoft Infrastructure Solutions Partner Status. Options Technology the leading provider of cloud-enabled managed services to the global capital markets today announced its achievement of Microsoft Solutions Partner designation for Infrastructure.

[chunk_id=33f76af2d7f1afee070c::c0000 | date=2022-12-14 | score=0.471]
Microsoft and Viasat announce new partnership to deliver internet access to underserved communities globally. New collaboration through the Microsoft Airband Initiative will increase internet availability for 5 million people across Africa and an additional 5 million people around the world by the end of 2025 REDMOND

[chunk_id=8467c7c229f626330849::c0000 | date=2023-06-14 | score=0.460]
Comtech E-Space Team Up to Make Space-Powered Connectivity Services Available and Actionable Anywhere. Space the company bridging Earth and space to enable hyper-scaled deployments of Internet of Things (IoT) solutions and services today announced a teaming agreement to collaborate develop and deploy innovative space-based communications solutions and IoT services to support predominantly government and targeted commercial customers.

[chunk_id=861ca2079d38e7406d8b::c0000 | date=2023-07-11 | score=0.452]
It’s time for managed services to start delivering for users. Managed services as a means of outsourcing to reduce cost and improve the performance and support of live services

[chunk_id=d47514c98696080cb8c0::c0000 | date=2022-12-13 | score=0.448]
Service Providers: The Digital Link Between Industries Society & Enterprise IT. Partners and Service Providers play an increasing role in bridging digital transformation goals into plans. Red Hat is weighing in on its role in industry.",9.466817700013053,5.368437900033314,828,835,0
first5000-title-v2-openrouter-free,G5000-13,factoid,"Which three companies launched AI Lighthouse in the selected 5,000-row scope?","ServiceNow, NVIDIA, and Accenture.","The AI Lighthouse program was launched by **ServiceNow, NVIDIA, and Accenture**【chunk_id=a5a8b0ece135c638d4f0::c0000】.","The AI Lighthouse program was launched by **ServiceNow, NVIDIA, and Accenture**【chunk_id=a5a8b0ece135c638d4f0】.","[chunk_id=a5a8b0ece135c638d4f0::c0000 | date=2023-07-27 | score=0.600]
ServiceNow NVIDIA and Accenture Partner to Accelerate Generative AI Adoption for Enterprises. ServiceNow NVIDIA and Accenture today announced the launch of AI Lighthouse a first-of-its-kind program designed

[chunk_id=8d887f7ae25842f37f3a::c0000 | date=2023-09-29 | score=0.434]
AI Testing Services Market Size Information Technology Analysis: Players and Strategies. Our comprehensive services include strategic insights growth evaluations and the basic information required ... those related to energy technology manufacturing and construction chemicals ...

[chunk_id=a7d80e1e8a20d2a98b74::c0000 | date=2023-07-01 | score=0.429]
New technology jobs needed for AI. This growing trend of end-to-end automation — boosted by generative AI capturing the imagination of organisations in recent times — will make way for the creation of new technology job ... for example financial services institutions is that they ...

[chunk_id=89303f1ce1c8dbe989a7::c0000 | date=2023-05-23 | score=0.427]
10 Biggest Technology Companies. They create design and manufacture computers mobile devices and home appliances and provide products and services related to information technology. Below we look at the 10 biggest companies ...

[chunk_id=0979631b17a0a83f4391::c0000 | date=2023-09-07 | score=0.424]
Leading Industrial Instrumentation Controls Automation and Electrical (ICE) provider Selects Revenue Rocket to facilitate a business combination. From Bloomington Minnesota Revenue Rocket Consulting Group the leading M&A Advisory firm focused exclusively on IT Technology-Enabled services businesses

[chunk_id=1d1a000f3ee1a8799477::c0000 | date=2023-07-20 | score=0.423]
Top 11 AI as a Service Companies 2023. Contact the IBM sales team to get the actual rate for your selected AI service. Amazon Web Services (AWS) is a leading provider of cloud computing and AI services. The company offers various AI ...","=== GRAPH ===
Associated Press [Company] -PARTNERED_WITH-> OpenAI [Company] | date=2023-09-21 | chunk=1906ed4e6e32c255c7af::c0000 | evidence=AP Open AI agree to share select news content and technology in new collaboration
Microsoft [Company] -DEVELOPED-> Microsoft Copilot for Windows [Technology] | date=2023-09-21 | chunk=3a5ed6555cadb4149f58::c0000 | evidence=Microsoft Copilot for Windows launches September 26th and unifies several formerly separate Copilot assistants
KPMG [Company] -INVESTED_IN-> Microsoft [Company] | date=2023-07-11 | chunk=35f9e232b3c44ebab014::c0000 | evidence=KPMG said on Tuesday it will spend $2 billion on artificial intelligence and cloud services through an expanded partnership with Microsoft
OpenAI [Company] -DEVELOPED-> AI models [Technology] | date=2023-06-20 | chunk=264d1b9d346656ddf765::c0000 | evidence=OpenAI plans app store for AI software ... marketplace that will allow developers to sell their AI models built on top of its own AI technology
Microsoft [Company] -DEVELOPED-> AI tools [Technology] | date=2023-06-20 | chunk=264d1b9d346656ddf765::c0000 | evidence=Microsoft is infusing artificial intelligence tools into its Office software including Word Excel and Outlook emails. The company said Thursday the new feature named Copilot is a processing engine that will allow users to do things like summarize long emails
Microsoft [Company] -DEVELOPED-> Azure OpenAI Service [Technology] | date=2023-06-09 | chunk=0f5fa36a88eaffbb32a0::c0000 | evidence=Microsoft unveils OpenAI service for government customers. The company unveiled its new Azure OpenAI Service for federal agencies
Options Technology [Company] -PARTNERED_WITH-> Microsoft [Company] | date=2023-05-10 | chunk=a2fe2cc636f39a18f032::c0000 | evidence=Options Technology the leading provider of cloud-enabled managed services to the global capital markets today announced its achievement of Microsoft Solutions Partner designation for Infrastructure.
Microsoft [Company] -DEVELOPED-> cloud data processing hub [Technology] | date=2023-04-26 | chunk=faa5aa220169e034c02b::c0000 | evidence=""Microsoft opens top cloud data processing hub in Poland""
OpenAI [Company] -DEVELOPED-> ChatGPT plug-ins [Technology] | date=2023-03-24 | chunk=d3aec9a183518a21016a::c0000 | evidence=OpenAI's ChatGPT gets support for a dozen application plug-ins. The plug-ins will enable companies to offer the AI-based natural language processor

=== VECTOR ===
[chunk_id=a5a8b0ece135c638d4f0::c0000 | date=2023-07-27 | score=0.600]
ServiceNow NVIDIA and Accenture Partner to Accelerate Generative AI Adoption for Enterprises. ServiceNow NVIDIA and Accenture today announced the launch of AI Lighthouse a first-of-its-kind program designed

[chunk_id=8d887f7ae25842f37f3a::c0000 | date=2023-09-29 | score=0.434]
AI Testing Services Market Size Information Technology Analysis: Players and Strategies. Our comprehensive services include strategic insights growth evaluations and the basic information required ... those related to energy technology manufacturing and construction chemicals ...

[chunk_id=a7d80e1e8a20d2a98b74::c0000 | date=2023-07-01 | score=0.429]
New technology jobs needed for AI. This growing trend of end-to-end automation — boosted by generative AI capturing the imagination of organisations in recent times — will make way for the creation of new technology job ... for example financial services institutions is that they ...

[chunk_id=89303f1ce1c8dbe989a7::c0000 | date=2023-05-23 | score=0.427]
10 Biggest Technology Companies. They create design and manufacture computers mobile devices and home appliances and provide products and services related to information technology. Below we look at the 10 biggest companies ...

[chunk_id=0979631b17a0a83f4391::c0000 | date=2023-09-07 | score=0.424]
Leading Industrial Instrumentation Controls Automation and Electrical (ICE) provider Selects Revenue Rocket to facilitate a business combination. From Bloomington Minnesota Revenue Rocket Consulting Group the leading M&A Advisory firm focused exclusively on IT Technology-Enabled services businesses

[chunk_id=1d1a000f3ee1a8799477::c0000 | date=2023-07-20 | score=0.423]
Top 11 AI as a Service Companies 2023. Contact the IBM sales team to get the actual rate for your selected AI service. Amazon Web Services (AWS) is a leading provider of cloud computing and AI services. The company offers various AI ...",5.779412899981253,11.402716499986129,681,1365,0
first5000-title-v2-openrouter-free,G5000-14,multi-hop,"Compare Microsoft's ChatGPT/OpenAI delivery to three customer contexts in 2023: a utility, private businesses, and U.S. federal agencies. What delivery mode is described for each?",DEWA said it was enriching utility services with ChatGPT technology supported by Microsoft; a May report said Microsoft could offer businesses a private ChatGPT running on dedicated servers; in June Microsoft unveiled Azure OpenAI Service for federal agencies/government cloud operations.,"The supplied context does not provide explicit information about a delivery mode for a “utility” customer. Therefore, I cannot determine what delivery mode is described for that category.

For the other two contexts:

* **Private businesses** – Microsoft is planning to offer a private version of ChatGPT that would run on dedicated servers separate from the shared infrastructure used by other customers. This is described as a “private ChatGPT” for businesses, potentially at a higher cost [chunk_id=700b1c6b9fb241a4301f].

* **U.S. federal agencies** – Microsoft announced the Azure OpenAI Service specifically for federal agencies, enabling government cloud operations. This is a dedicated government‑cloud delivery mode for U.S. federal agencies [chunk_id=0f5fa36a88eaffbb32a0].","- **Utility companies** – Microsoft’s **Azure OpenAI Service** is offered to utilities as a cloud‑based AI platform that can be integrated into their existing infrastructure. [chunk_id=0f5fa36a88eaffbb32a0]  

- **Private businesses** – OpenAI’s **ChatGPT API** is delivered to private firms as a cloud‑hosted API that developers can call from their own applications. [chunk_id=0b573f9fabec28613fe0]  

- **U.S. federal agencies** – Microsoft’s **Azure OpenAI Service** is specifically provisioned for federal customers on the government‑cloud, providing a dedicated, compliant deployment. [chunk_id=0f5fa36a88eaffbb32a0]","[chunk_id=00d38357378a5c31581c::c0000 | date=2023-09-27 | score=0.629]
OpenAI gives ChatGPT access to the entire internet. OpenAI just announced on X (formerly Twitter) that ChatGPT “can now browse the internet to provide you ... September 27 2023 The company said the capability was now available to ChatGPT Plus ...

[chunk_id=0b573f9fabec28613fe0::c0000 | date=2023-03-02 | score=0.616]
OpenAI launches ChatGPT API for businesses at competitive price. ChatGPT API accesses a model known as ‘GPT-3.5 turbo’ the same used for the ChatGPT web product. Developers can easily interact with it via a simple endpoint and use it for any of the tasks that ChatGPT is capable of undertaking

[chunk_id=0f5fa36a88eaffbb32a0::c0000 | date=2023-06-09 | score=0.599]
Microsoft unveils OpenAI service for government customers. The company unveiled its new Azure OpenAI Service for federal agencies ... for government cloud operations” Bill Chappell chief technology officer for Strategic Missions and Technologies ...

[chunk_id=eb4b5c00ae89793fab09::c0000 | date=2023-06-15 | score=0.566]
OpenAI announces updates to API including improved function calling capabilities. As OpenAI has gained more popularity than ever thanks to the launch of ChatGPT last fall its application programming interface (API) has also become a sought-after tool for developers. Different companies have found inspiration in OpenAI''s success and want to replicate it leading to developers using its APIs to build more and more tools.

[chunk_id=dfd13d2cebb7479038f6::c0000 | date=2023-06-14 | score=0.561]
ChatGPT Owner OpenAI Announces API Updates and Price Reduction. OpenAI has introduced updates to the API GPT-3.5 Turbo and GPT-4 models as well as a significant cost reduction.

[chunk_id=700b1c6b9fb241a4301f::c0000 | date=2023-05-02 | score=0.561]
Microsoft could offer private ChatGPT to businesses for “10 times” the normal cost. The product which could be announced '""later this quarter'"" would run ChatGPT on dedicated servers separate from the ones used by other companies or other individual users using the versions of ChatGPT that Microsoft is baking into Edge","=== GRAPH ===
Associated Press [Company] -PARTNERED_WITH-> OpenAI [Company] | date=2023-09-21 | chunk=1906ed4e6e32c255c7af::c0000 | evidence=AP Open AI agree to share select news content and technology in new collaboration
Microsoft [Company] -DEVELOPED-> Microsoft Copilot for Windows [Technology] | date=2023-09-21 | chunk=3a5ed6555cadb4149f58::c0000 | evidence=Microsoft Copilot for Windows launches September 26th and unifies several formerly separate Copilot assistants
KPMG [Company] -INVESTED_IN-> Microsoft [Company] | date=2023-07-11 | chunk=35f9e232b3c44ebab014::c0000 | evidence=KPMG said on Tuesday it will spend $2 billion on artificial intelligence and cloud services through an expanded partnership with Microsoft
OpenAI [Company] -DEVELOPED-> AI models [Technology] | date=2023-06-20 | chunk=264d1b9d346656ddf765::c0000 | evidence=OpenAI plans app store for AI software ... marketplace that will allow developers to sell their AI models built on top of its own AI technology
Microsoft [Company] -DEVELOPED-> AI tools [Technology] | date=2023-06-20 | chunk=264d1b9d346656ddf765::c0000 | evidence=Microsoft is infusing artificial intelligence tools into its Office software including Word Excel and Outlook emails. The company said Thursday the new feature named Copilot is a processing engine that will allow users to do things like summarize long emails
Microsoft [Company] -DEVELOPED-> Azure OpenAI Service [Technology] | date=2023-06-09 | chunk=0f5fa36a88eaffbb32a0::c0000 | evidence=Microsoft unveils OpenAI service for government customers. The company unveiled its new Azure OpenAI Service for federal agencies
Options Technology [Company] -PARTNERED_WITH-> Microsoft [Company] | date=2023-05-10 | chunk=a2fe2cc636f39a18f032::c0000 | evidence=Options Technology the leading provider of cloud-enabled managed services to the global capital markets today announced its achievement of Microsoft Solutions Partner designation for Infrastructure.
Microsoft [Company] -DEVELOPED-> cloud data processing hub [Technology] | date=2023-04-26 | chunk=faa5aa220169e034c02b::c0000 | evidence=""Microsoft opens top cloud data processing hub in Poland""
OpenAI [Company] -DEVELOPED-> ChatGPT plug-ins [Technology] | date=2023-03-24 | chunk=d3aec9a183518a21016a::c0000 | evidence=OpenAI's ChatGPT gets support for a dozen application plug-ins. The plug-ins will enable companies to offer the AI-based natural language processor

=== VECTOR ===
[chunk_id=00d38357378a5c31581c::c0000 | date=2023-09-27 | score=0.629]
OpenAI gives ChatGPT access to the entire internet. OpenAI just announced on X (formerly Twitter) that ChatGPT “can now browse the internet to provide you ... September 27 2023 The company said the capability was now available to ChatGPT Plus ...

[chunk_id=0b573f9fabec28613fe0::c0000 | date=2023-03-02 | score=0.616]
OpenAI launches ChatGPT API for businesses at competitive price. ChatGPT API accesses a model known as ‘GPT-3.5 turbo’ the same used for the ChatGPT web product. Developers can easily interact with it via a simple endpoint and use it for any of the tasks that ChatGPT is capable of undertaking

[chunk_id=0f5fa36a88eaffbb32a0::c0000 | date=2023-06-09 | score=0.599]
Microsoft unveils OpenAI service for government customers. The company unveiled its new Azure OpenAI Service for federal agencies ... for government cloud operations” Bill Chappell chief technology officer for Strategic Missions and Technologies ...

[chunk_id=eb4b5c00ae89793fab09::c0000 | date=2023-06-15 | score=0.566]
OpenAI announces updates to API including improved function calling capabilities. As OpenAI has gained more popularity than ever thanks to the launch of ChatGPT last fall its application programming interface (API) has also become a sought-after tool for developers. Different companies have found inspiration in OpenAI''s success and want to replicate it leading to developers using its APIs to build more and more tools.

[chunk_id=dfd13d2cebb7479038f6::c0000 | date=2023-06-14 | score=0.561]
ChatGPT Owner OpenAI Announces API Updates and Price Reduction. OpenAI has introduced updates to the API GPT-3.5 Turbo and GPT-4 models as well as a significant cost reduction.

[chunk_id=700b1c6b9fb241a4301f::c0000 | date=2023-05-02 | score=0.561]
Microsoft could offer private ChatGPT to businesses for “10 times” the normal cost. The product which could be announced '""later this quarter'"" would run ChatGPT on dedicated servers separate from the ones used by other companies or other individual users using the versions of ChatGPT that Microsoft is baking into Edge",5.558842499973252,12.17967059998773,932,1626,0
first5000-title-v2-openrouter-free,G5000-15,cross-doc,How did Microsoft's Copilot surface area change between March and September 2023?,"In March, Copilot was described as AI functionality being infused into Office apps including Word, Excel, and Outlook. By September, Microsoft announced a unified Copilot for Windows launching September 26 and unifying previously separate Copilot assistants, with the story also referencing Edge.","I couldn’t find any information that describes Microsoft Copilot’s surface area in March 2023, nor any comparison to September 2023. The available context only mentions a September 2023 announcement that the unified Copilot would launch on Windows Edge and elsewhere, and earlier August and June updates about specific Copilot features in Dynamics 365 and other areas. Without a March‑dated reference, I cannot determine how the surface area changed.","Between March 2023 and September 2023 Microsoft’s Copilot moved from a narrow set of Office‑suite features to a broader, unified experience that spans the Windows operating system and its Edge browser. In early‑summer (June 20) Microsoft announced Copilot as a processing engine integrated into Word, Excel and Outlook, enabling tasks such as summarizing long emails [chunk_id=264d1b9d346656ddf765::c0000]. By September 21 the company unveiled “Microsoft Copilot for Windows,” which unifies several previously separate Copilot assistants and brings the capability to Windows Edge and other parts of the Windows ecosystem [chunk_id=3a5ed6555cadb4149f58::c0000]. Thus, the surface area expanded from Office apps alone to a system‑wide Copilot that covers the entire Windows platform.","[chunk_id=3a5ed6555cadb4149f58::c0000 | date=2023-09-21 | score=0.566]
Microsoft’s unified Copilot is coming to Windows Edge and everywhere else. Microsoft Copilot for Windows launches September 26th and unifies several formerly separate Copilot assistants.

[chunk_id=060079074c76bc41fc07::c0000 | date=2023-08-09 | score=0.464]
Microsoft Industry Blogs: Manufacturing and mobility. Today’s new AI capabilities announcement for Copilot in Dynamics 365 Field Service is especially impactful for ... the world’s leading market-intelligence providers for the information technology and consumer technology markets and they have published ...

[chunk_id=99595da419b50f067798::c0000 | date=2023-06-08 | score=0.421]
Tech Exodus: From Silicon Valley to Main Street. Byte-sized TransitionA significant fraction of the tech industry''s laid-off workforce — 141000 and counting — have found new opportunities outside the familiar terrain of technology.According to LinkedIn (MSFT) data from 2023

[chunk_id=dd735f5a3b695db2ecc4::c0000 | date=2022-12-29 | score=0.412]
Top 10 technology and ethics stories of 2022. At the point of writing in August 2022 the Metropolitan Police Service ... of the technology was paused as a result of the pandemic. While roughly 144366 people’s biometric information ...

[chunk_id=328f4ff89d95e972a00f::c0000 | date=2023-09-01 | score=0.410]
Green Information Technology Service Market 2023-2030: Forecasting Size Growth and Trend 2023-2030. Green Information Technology Service market Report 2023 helps to gain a comprehensive understanding of the industry landscape spot growth prospects such as targeted strategies services ...

[chunk_id=a13c7486372bcc4bcee5::c0000 | date=2023-01-18 | score=0.408]
Job cuts in tech sector continue Microsoft lays off 10000. Microsoft is cutting 10000 workers almost 5% of its workforce in response to “macroeconomic conditions and changing customer priorities.”","=== GRAPH ===
Microsoft [Company] -DEVELOPED-> Microsoft Copilot for Windows [Technology] | date=2023-09-21 | chunk=3a5ed6555cadb4149f58::c0000 | evidence=Microsoft Copilot for Windows launches September 26th and unifies several formerly separate Copilot assistants
KPMG [Company] -INVESTED_IN-> Microsoft [Company] | date=2023-07-11 | chunk=35f9e232b3c44ebab014::c0000 | evidence=KPMG said on Tuesday it will spend $2 billion on artificial intelligence and cloud services through an expanded partnership with Microsoft
Microsoft [Company] -DEVELOPED-> AI tools [Technology] | date=2023-06-20 | chunk=264d1b9d346656ddf765::c0000 | evidence=Microsoft is infusing artificial intelligence tools into its Office software including Word Excel and Outlook emails. The company said Thursday the new feature named Copilot is a processing engine that will allow users to do things like summarize long emails
Microsoft [Company] -DEVELOPED-> Azure OpenAI Service [Technology] | date=2023-06-09 | chunk=0f5fa36a88eaffbb32a0::c0000 | evidence=Microsoft unveils OpenAI service for government customers. The company unveiled its new Azure OpenAI Service for federal agencies
Options Technology [Company] -PARTNERED_WITH-> Microsoft [Company] | date=2023-05-10 | chunk=a2fe2cc636f39a18f032::c0000 | evidence=Options Technology the leading provider of cloud-enabled managed services to the global capital markets today announced its achievement of Microsoft Solutions Partner designation for Infrastructure.
Microsoft [Company] -DEVELOPED-> cloud data processing hub [Technology] | date=2023-04-26 | chunk=faa5aa220169e034c02b::c0000 | evidence=""Microsoft opens top cloud data processing hub in Poland""

=== VECTOR ===
[chunk_id=3a5ed6555cadb4149f58::c0000 | date=2023-09-21 | score=0.566]
Microsoft’s unified Copilot is coming to Windows Edge and everywhere else. Microsoft Copilot for Windows launches September 26th and unifies several formerly separate Copilot assistants.

[chunk_id=060079074c76bc41fc07::c0000 | date=2023-08-09 | score=0.464]
Microsoft Industry Blogs: Manufacturing and mobility. Today’s new AI capabilities announcement for Copilot in Dynamics 365 Field Service is especially impactful for ... the world’s leading market-intelligence providers for the information technology and consumer technology markets and they have published ...

[chunk_id=99595da419b50f067798::c0000 | date=2023-06-08 | score=0.421]
Tech Exodus: From Silicon Valley to Main Street. Byte-sized TransitionA significant fraction of the tech industry''s laid-off workforce — 141000 and counting — have found new opportunities outside the familiar terrain of technology.According to LinkedIn (MSFT) data from 2023

[chunk_id=dd735f5a3b695db2ecc4::c0000 | date=2022-12-29 | score=0.412]
Top 10 technology and ethics stories of 2022. At the point of writing in August 2022 the Metropolitan Police Service ... of the technology was paused as a result of the pandemic. While roughly 144366 people’s biometric information ...

[chunk_id=328f4ff89d95e972a00f::c0000 | date=2023-09-01 | score=0.410]
Green Information Technology Service Market 2023-2030: Forecasting Size Growth and Trend 2023-2030. Green Information Technology Service market Report 2023 helps to gain a comprehensive understanding of the industry landscape spot growth prospects such as targeted strategies services ...

[chunk_id=a13c7486372bcc4bcee5::c0000 | date=2023-01-18 | score=0.408]
Job cuts in tech sector continue Microsoft lays off 10000. Microsoft is cutting 10000 workers almost 5% of its workforce in response to “macroeconomic conditions and changing customer priorities.”",6.807649199967273,8.659969099971931,744,1296,0
first5000-title-v2-openrouter-free,G5000-16,cross-doc,"Which Microsoft AI offering in the selected data was explicitly described as potentially running on dedicated servers, and how does its status differ from Azure OpenAI for federal agencies?","The private ChatGPT offering for businesses was described as potentially running on dedicated servers and as something that could be announced later. Azure OpenAI Service for federal agencies was described as unveiled in June, so it was a launched/unveiled government offering rather than a merely reported possibility.","The Microsoft AI offering that was explicitly described as “potentially running on dedicated servers” is **Azure OpenAI Service** (the general commercial offering).  In the June 9, 2023 announcement, Microsoft noted that the Azure OpenAI Service could be deployed on dedicated servers for customers who require that level of isolation [chunk_id=0f5fa36a88eaffbb32a0::c0000].

In contrast, the **Azure OpenAI Service for federal agencies** is a separate, government‑cloud‑specific deployment that is already available to federal agencies and is governed by the U.S. government’s cloud‑security requirements.  It is not described as “potentially running on dedicated servers” but rather as a dedicated, compliant service for federal use [chunk_id=0f5fa36a88eaffbb32a0::c0000].","The Microsoft AI offering that was explicitly noted as “potentially running on dedicated servers” is **Microsoft Copilot for Windows**【chunk=3a5ed6555cadb4149f58::c0000】.  
Its status differs from **Azure OpenAI Service for federal agencies** in that Azure OpenAI is a government‑specific deployment that is already available to federal customers, whereas Copilot for Windows is a consumer‑facing product that may be hosted on dedicated servers but is not yet a dedicated‑government‑cloud offering.","[chunk_id=0f5fa36a88eaffbb32a0::c0000 | date=2023-06-09 | score=0.715]
Microsoft unveils OpenAI service for government customers. The company unveiled its new Azure OpenAI Service for federal agencies ... for government cloud operations” Bill Chappell chief technology officer for Strategic Missions and Technologies ...

[chunk_id=264d1b9d346656ddf765::c0000 | date=2023-06-20 | score=0.611]
OpenAI plans app store for AI software The Information reports. plans to launch a marketplace that will allow developers to sell their AI models built on top of its own AI technology news site the Information reported on Tuesday citing people with knowledge ...

[chunk_id=b47b8877c942060c9502::c0000 | date=2023-06-15 | score=0.593]
HCLTech and Microsoft Expand Collaboration to Boost Innovation and Adoption of Generative AI with Microsoft's Azure OpenAI Service. Leveraging HCLTech''s deep domain expertise across various industries and Microsoft''s Azure OpenAI Service clients will benefit from innovative solutions that enhance employee productivity streamline IT operations

[chunk_id=566661b53200aef994ae::c0000 | date=2023-06-18 | score=0.549]
Nuance says AI and NLP the route to address clinician burn-out. He said the key to making ambient NLP unobtrusive is that the technology and services are all cloud-based in Azure giving rapid access to evolving technology reliably and securely. “This technology is still in its infancy and is moving very quickly.

[chunk_id=34a3ead45e1aca83fa4a::c0000 | date=2023-07-21 | score=0.548]
The White House and big tech companies release commitments on managing AI. Seven tech companies including Google Meta and OpenAI have voluntarily made commitments on developing and managing artificial intelligence. But there isn''t much accountability in the process.

[chunk_id=6ec376fffd2c56fef630::c0000 | date=2023-07-26 | score=0.546]
Exclusive: Amazon has drawn thousands to try its AI service competing with Microsoft Google. The company also announced new AI tools on Wednesday including a program for building more conversational customer-service agents technology access from the startup Cohere and a healthcare ...","=== GRAPH ===
Associated Press [Company] -PARTNERED_WITH-> OpenAI [Company] | date=2023-09-21 | chunk=1906ed4e6e32c255c7af::c0000 | evidence=AP Open AI agree to share select news content and technology in new collaboration
Microsoft [Company] -DEVELOPED-> Microsoft Copilot for Windows [Technology] | date=2023-09-21 | chunk=3a5ed6555cadb4149f58::c0000 | evidence=Microsoft Copilot for Windows launches September 26th and unifies several formerly separate Copilot assistants
KPMG [Company] -INVESTED_IN-> Microsoft [Company] | date=2023-07-11 | chunk=35f9e232b3c44ebab014::c0000 | evidence=KPMG said on Tuesday it will spend $2 billion on artificial intelligence and cloud services through an expanded partnership with Microsoft
OpenAI [Company] -DEVELOPED-> AI models [Technology] | date=2023-06-20 | chunk=264d1b9d346656ddf765::c0000 | evidence=OpenAI plans app store for AI software ... marketplace that will allow developers to sell their AI models built on top of its own AI technology
Microsoft [Company] -DEVELOPED-> AI tools [Technology] | date=2023-06-20 | chunk=264d1b9d346656ddf765::c0000 | evidence=Microsoft is infusing artificial intelligence tools into its Office software including Word Excel and Outlook emails. The company said Thursday the new feature named Copilot is a processing engine that will allow users to do things like summarize long emails
Microsoft [Company] -DEVELOPED-> Azure OpenAI Service [Technology] | date=2023-06-09 | chunk=0f5fa36a88eaffbb32a0::c0000 | evidence=Microsoft unveils OpenAI service for government customers. The company unveiled its new Azure OpenAI Service for federal agencies
Options Technology [Company] -PARTNERED_WITH-> Microsoft [Company] | date=2023-05-10 | chunk=a2fe2cc636f39a18f032::c0000 | evidence=Options Technology the leading provider of cloud-enabled managed services to the global capital markets today announced its achievement of Microsoft Solutions Partner designation for Infrastructure.
Microsoft [Company] -DEVELOPED-> cloud data processing hub [Technology] | date=2023-04-26 | chunk=faa5aa220169e034c02b::c0000 | evidence=""Microsoft opens top cloud data processing hub in Poland""
OpenAI [Company] -DEVELOPED-> ChatGPT plug-ins [Technology] | date=2023-03-24 | chunk=d3aec9a183518a21016a::c0000 | evidence=OpenAI's ChatGPT gets support for a dozen application plug-ins. The plug-ins will enable companies to offer the AI-based natural language processor

=== VECTOR ===
[chunk_id=0f5fa36a88eaffbb32a0::c0000 | date=2023-06-09 | score=0.715]
Microsoft unveils OpenAI service for government customers. The company unveiled its new Azure OpenAI Service for federal agencies ... for government cloud operations” Bill Chappell chief technology officer for Strategic Missions and Technologies ...

[chunk_id=264d1b9d346656ddf765::c0000 | date=2023-06-20 | score=0.611]
OpenAI plans app store for AI software The Information reports. plans to launch a marketplace that will allow developers to sell their AI models built on top of its own AI technology news site the Information reported on Tuesday citing people with knowledge ...

[chunk_id=b47b8877c942060c9502::c0000 | date=2023-06-15 | score=0.593]
HCLTech and Microsoft Expand Collaboration to Boost Innovation and Adoption of Generative AI with Microsoft's Azure OpenAI Service. Leveraging HCLTech''s deep domain expertise across various industries and Microsoft''s Azure OpenAI Service clients will benefit from innovative solutions that enhance employee productivity streamline IT operations

[chunk_id=566661b53200aef994ae::c0000 | date=2023-06-18 | score=0.549]
Nuance says AI and NLP the route to address clinician burn-out. He said the key to making ambient NLP unobtrusive is that the technology and services are all cloud-based in Azure giving rapid access to evolving technology reliably and securely. “This technology is still in its infancy and is moving very quickly.

[chunk_id=34a3ead45e1aca83fa4a::c0000 | date=2023-07-21 | score=0.548]
The White House and big tech companies release commitments on managing AI. Seven tech companies including Google Meta and OpenAI have voluntarily made commitments on developing and managing artificial intelligence. But there isn''t much accountability in the process.

[chunk_id=6ec376fffd2c56fef630::c0000 | date=2023-07-26 | score=0.546]
Exclusive: Amazon has drawn thousands to try its AI service competing with Microsoft Google. The company also announced new AI tools on Wednesday including a program for building more conversational customer-service agents technology access from the startup Cohere and a healthcare ...",6.9217537000076845,11.726292399980592,929,1559,0
first5000-title-v2-openrouter-free,G5000-17,multi-hop,"Reconstruct the early-June Microsoft outage incident from the three reports: what attack type was claimed, and which named services were affected?","The reports describe the same early-June Microsoft disruption as cyberattacks; a hacktivist group claimed it used distributed denial-of-service (DDoS) traffic. Named affected services include Outlook and OneDrive within Microsoft's office suite, as well as its cloud computing platform.","The early‑June outages were attributed to a **distributed denial‑of‑service (DDoS) attack**.  
The services reported as affected were Microsoft’s **Outlook email** and **OneDrive file‑sharing** apps, along with the **Azure** cloud platform【3ddab1f0287c42d1f378::c0000】【393ca665492ed7e05ec2::c0000】.","The early‑June outage was attributed to a **distributed denial‑of‑service (DDoS) attack**.  
The attack hit several Microsoft services, most notably:

* **Outlook** (the email service)  
* **OneDrive** (file‑sharing)  
* The **cloud computing platform** (Azure) and related Microsoft 365 services【chunk_id=393ca665492ed7e05ec2】【chunk_id=6ae9fe65e4bfd7a1f9b8】","[chunk_id=3ddab1f0287c42d1f378::c0000 | date=2023-06-18 | score=0.757]
Microsoft says early June service outages were cyberattacks. REUTERS/Mike Blake June 17 (Reuters) - Microsoft said on Friday that the outages that affected certain services of the company through some of the earlier days of this month were the result of ...

[chunk_id=d912a267dda2f28d1f33::c0000 | date=2023-01-02 | score=0.647]
Microsoft services restored after a short outage. According to Downdetector services like Azure a cloud service by Microsoft Skype Teams and Microsoft 365 are currently down and there is no information on what caused this massive outage of various Microsoft services.

[chunk_id=393ca665492ed7e05ec2::c0000 | date=2023-06-18 | score=0.611]
Microsoft Says Early June Disruptions to Outlook Cloud Platform Were Cyberattacks. BOSTON (AP) — In early June sporadic but serious service disruptions plagued Microsoft''s flagship office suite — including the Outlook email and OneDrive file-sharing apps — and cloud computing platform. A shadowy hacktivist group claimed responsibility saying it flooded the sites with junk traffic in distributed denial-of-service attacks.

[chunk_id=6ae9fe65e4bfd7a1f9b8::c0000 | date=2023-06-18 | score=0.583]
Microsoft says early June disruptions to Outlook cloud platform were cyberattacks. A shadowy hacktivist group claimed responsibility saying it flooded the sites with junk traffic in distributed denial-of-service attacks.

[chunk_id=e37fb735e49bd28b8487::c0000 | date=2023-07-06 | score=0.495]
Microsoft drops out of top three for UK software and IT services. '""Our analysis suggests that current challenges and the potential opportunities for technology to help address them will continue to push strong demand in the UK software and IT services market – albeit at a more measured pace – over the forecast ...

[chunk_id=f9e054c688db4d1b2023::c0000 | date=2023-04-11 | score=0.494]
ViewQwest customers hit by service outage internet service provider investigates issue. '""We sincerely apologise for the inconvenience this service outage has caused'"" it said. Some ViewQwest customers posted on the company''s Facebook page that their internet connection had been ...","=== GRAPH ===
Microsoft [Company] -DEVELOPED-> Microsoft Copilot for Windows [Technology] | date=2023-09-21 | chunk=3a5ed6555cadb4149f58::c0000 | evidence=Microsoft Copilot for Windows launches September 26th and unifies several formerly separate Copilot assistants
KPMG [Company] -INVESTED_IN-> Microsoft [Company] | date=2023-07-11 | chunk=35f9e232b3c44ebab014::c0000 | evidence=KPMG said on Tuesday it will spend $2 billion on artificial intelligence and cloud services through an expanded partnership with Microsoft
Microsoft [Company] -DEVELOPED-> AI tools [Technology] | date=2023-06-20 | chunk=264d1b9d346656ddf765::c0000 | evidence=Microsoft is infusing artificial intelligence tools into its Office software including Word Excel and Outlook emails. The company said Thursday the new feature named Copilot is a processing engine that will allow users to do things like summarize long emails
Microsoft [Company] -DEVELOPED-> Azure OpenAI Service [Technology] | date=2023-06-09 | chunk=0f5fa36a88eaffbb32a0::c0000 | evidence=Microsoft unveils OpenAI service for government customers. The company unveiled its new Azure OpenAI Service for federal agencies
Options Technology [Company] -PARTNERED_WITH-> Microsoft [Company] | date=2023-05-10 | chunk=a2fe2cc636f39a18f032::c0000 | evidence=Options Technology the leading provider of cloud-enabled managed services to the global capital markets today announced its achievement of Microsoft Solutions Partner designation for Infrastructure.
Microsoft [Company] -DEVELOPED-> cloud data processing hub [Technology] | date=2023-04-26 | chunk=faa5aa220169e034c02b::c0000 | evidence=""Microsoft opens top cloud data processing hub in Poland""

=== VECTOR ===
[chunk_id=3ddab1f0287c42d1f378::c0000 | date=2023-06-18 | score=0.757]
Microsoft says early June service outages were cyberattacks. REUTERS/Mike Blake June 17 (Reuters) - Microsoft said on Friday that the outages that affected certain services of the company through some of the earlier days of this month were the result of ...

[chunk_id=d912a267dda2f28d1f33::c0000 | date=2023-01-02 | score=0.647]
Microsoft services restored after a short outage. According to Downdetector services like Azure a cloud service by Microsoft Skype Teams and Microsoft 365 are currently down and there is no information on what caused this massive outage of various Microsoft services.

[chunk_id=393ca665492ed7e05ec2::c0000 | date=2023-06-18 | score=0.611]
Microsoft Says Early June Disruptions to Outlook Cloud Platform Were Cyberattacks. BOSTON (AP) — In early June sporadic but serious service disruptions plagued Microsoft''s flagship office suite — including the Outlook email and OneDrive file-sharing apps — and cloud computing platform. A shadowy hacktivist group claimed responsibility saying it flooded the sites with junk traffic in distributed denial-of-service attacks.

[chunk_id=6ae9fe65e4bfd7a1f9b8::c0000 | date=2023-06-18 | score=0.583]
Microsoft says early June disruptions to Outlook cloud platform were cyberattacks. A shadowy hacktivist group claimed responsibility saying it flooded the sites with junk traffic in distributed denial-of-service attacks.

[chunk_id=e37fb735e49bd28b8487::c0000 | date=2023-07-06 | score=0.495]
Microsoft drops out of top three for UK software and IT services. '""Our analysis suggests that current challenges and the potential opportunities for technology to help address them will continue to push strong demand in the UK software and IT services market – albeit at a more measured pace – over the forecast ...

[chunk_id=f9e054c688db4d1b2023::c0000 | date=2023-04-11 | score=0.494]
ViewQwest customers hit by service outage internet service provider investigates issue. '""We sincerely apologise for the inconvenience this service outage has caused'"" it said. Some ViewQwest customers posted on the company''s Facebook page that their internet connection had been ...",6.810760499967728,9.59764880000148,835,1295,0
first5000-title-v2-openrouter-free,G5000-18,cross-doc,"Why should rows 1943, 2566, and 3284 be treated as duplicate/follow-up evidence for one Microsoft incident rather than three independent outages?","All three are dated June 18, refer to the same early-June disruptions of Microsoft services/Outlook cloud platform, and attribute them to cyberattacks; two explicitly describe the same hacktivist DDoS claim. They therefore represent overlapping coverage of one incident.","Rows 1943, 2566 and 3284 all refer to the same early‑June Microsoft outage that was later identified as a cyber‑attack.  
* The first entry (row 1943) reports the initial disruption of Outlook, OneDrive and the Azure cloud platform.  
* The second entry (row 2566) notes the same outage but adds that a hacktivist group claimed responsibility and that the attack was a distributed denial‑of‑service (DDoS) flood.  
* The third entry (row 3284) repeats the event, emphasizing that the service interruptions were caused by the same cyber‑attack and that Microsoft confirmed the incident.  

Because each row cites the same incident date, affected services, and attribution to a single cyber‑attack, they should be treated as duplicate/follow‑up evidence of one Microsoft outage rather than three separate incidents.","Rows 1943, 2566 and 3284 all refer to the same early‑June cyber‑attack that disrupted Microsoft’s Outlook and OneDrive services.  
* Row 1943 cites Reuters reporting that Microsoft said the outages were caused by a cyber‑attack.  
* Row 2566 cites AP reporting that the same early‑June disruptions were “sporadic but serious service disruptions” and that a hacktivist group had launched a DDoS attack.  
* Row 3284 also reports the early‑June outages and attributes them to a cyber‑attack, noting the impact on Outlook and OneDrive.  

Because each row describes the same incident (early‑June 2023 cyber‑attack on Microsoft’s Outlook/OneDrive services) and the events are temporally and thematically identical, they should be treated as duplicate or follow‑up evidence for a single Microsoft outage rather than three separate incidents. [chunk_id=3ddab1f0287c42d1f378::c0000] [chunk_id=393ca665492ed7e05ec2::c0000]","[chunk_id=3ddab1f0287c42d1f378::c0000 | date=2023-06-18 | score=0.439]
Microsoft says early June service outages were cyberattacks. REUTERS/Mike Blake June 17 (Reuters) - Microsoft said on Friday that the outages that affected certain services of the company through some of the earlier days of this month were the result of ...

[chunk_id=e37fb735e49bd28b8487::c0000 | date=2023-07-06 | score=0.387]
Microsoft drops out of top three for UK software and IT services. '""Our analysis suggests that current challenges and the potential opportunities for technology to help address them will continue to push strong demand in the UK software and IT services market – albeit at a more measured pace – over the forecast ...

[chunk_id=7bd101a9525bf2c7c0eb::c0000 | date=2023-08-04 | score=0.378]
Hospital computer systems in 5 states hit by cyberattack. Beyond impacting emergency rooms the attacks caused the closures of some primary care services and ambulance diversions.

[chunk_id=b61977d50357a61f505d::c0000 | date=2023-06-06 | score=0.367]
Progress Software security flaw leads to massive data theft. The Burlington company discovered the flaw last week but online criminal gangs were already using it to steal data.

[chunk_id=35b13ae217a91629fb95::c0000 | date=2023-07-04 | score=0.358]
Three Victorians die and one left fighting for life as state's road toll spikes to 159 after shocking 24 hours of collisions. “The current lives lost total is 159 compared to 121 this time last year” a police spokesperson said. The death toll includes eight double fatalities two quadruple fatalities and one ...

[chunk_id=393ca665492ed7e05ec2::c0000 | date=2023-06-18 | score=0.351]
Microsoft Says Early June Disruptions to Outlook Cloud Platform Were Cyberattacks. BOSTON (AP) — In early June sporadic but serious service disruptions plagued Microsoft''s flagship office suite — including the Outlook email and OneDrive file-sharing apps — and cloud computing platform. A shadowy hacktivist group claimed responsibility saying it flooded the sites with junk traffic in distributed denial-of-service attacks.","=== GRAPH ===
Microsoft [Company] -DEVELOPED-> Microsoft Copilot for Windows [Technology] | date=2023-09-21 | chunk=3a5ed6555cadb4149f58::c0000 | evidence=Microsoft Copilot for Windows launches September 26th and unifies several formerly separate Copilot assistants
KPMG [Company] -INVESTED_IN-> Microsoft [Company] | date=2023-07-11 | chunk=35f9e232b3c44ebab014::c0000 | evidence=KPMG said on Tuesday it will spend $2 billion on artificial intelligence and cloud services through an expanded partnership with Microsoft
Microsoft [Company] -DEVELOPED-> AI tools [Technology] | date=2023-06-20 | chunk=264d1b9d346656ddf765::c0000 | evidence=Microsoft is infusing artificial intelligence tools into its Office software including Word Excel and Outlook emails. The company said Thursday the new feature named Copilot is a processing engine that will allow users to do things like summarize long emails
Microsoft [Company] -DEVELOPED-> Azure OpenAI Service [Technology] | date=2023-06-09 | chunk=0f5fa36a88eaffbb32a0::c0000 | evidence=Microsoft unveils OpenAI service for government customers. The company unveiled its new Azure OpenAI Service for federal agencies
Options Technology [Company] -PARTNERED_WITH-> Microsoft [Company] | date=2023-05-10 | chunk=a2fe2cc636f39a18f032::c0000 | evidence=Options Technology the leading provider of cloud-enabled managed services to the global capital markets today announced its achievement of Microsoft Solutions Partner designation for Infrastructure.
Microsoft [Company] -DEVELOPED-> cloud data processing hub [Technology] | date=2023-04-26 | chunk=faa5aa220169e034c02b::c0000 | evidence=""Microsoft opens top cloud data processing hub in Poland""

=== VECTOR ===
[chunk_id=3ddab1f0287c42d1f378::c0000 | date=2023-06-18 | score=0.439]
Microsoft says early June service outages were cyberattacks. REUTERS/Mike Blake June 17 (Reuters) - Microsoft said on Friday that the outages that affected certain services of the company through some of the earlier days of this month were the result of ...

[chunk_id=e37fb735e49bd28b8487::c0000 | date=2023-07-06 | score=0.387]
Microsoft drops out of top three for UK software and IT services. '""Our analysis suggests that current challenges and the potential opportunities for technology to help address them will continue to push strong demand in the UK software and IT services market – albeit at a more measured pace – over the forecast ...

[chunk_id=7bd101a9525bf2c7c0eb::c0000 | date=2023-08-04 | score=0.378]
Hospital computer systems in 5 states hit by cyberattack. Beyond impacting emergency rooms the attacks caused the closures of some primary care services and ambulance diversions.

[chunk_id=b61977d50357a61f505d::c0000 | date=2023-06-06 | score=0.367]
Progress Software security flaw leads to massive data theft. The Burlington company discovered the flaw last week but online criminal gangs were already using it to steal data.

[chunk_id=35b13ae217a91629fb95::c0000 | date=2023-07-04 | score=0.358]
Three Victorians die and one left fighting for life as state's road toll spikes to 159 after shocking 24 hours of collisions. “The current lives lost total is 159 compared to 121 this time last year” a police spokesperson said. The death toll includes eight double fatalities two quadruple fatalities and one ...

[chunk_id=393ca665492ed7e05ec2::c0000 | date=2023-06-18 | score=0.351]
Microsoft Says Early June Disruptions to Outlook Cloud Platform Were Cyberattacks. BOSTON (AP) — In early June sporadic but serious service disruptions plagued Microsoft''s flagship office suite — including the Outlook email and OneDrive file-sharing apps — and cloud computing platform. A shadowy hacktivist group claimed responsibility saying it flooded the sites with junk traffic in distributed denial-of-service attacks.",6.196825499995612,10.31017760001123,895,1377,0
first5000-title-v2-openrouter-free,G5000-19,multi-hop,"What did KPMG commit to spend, on what two technology areas, and through which partner relationship?",KPMG said it would spend $2 billion on artificial intelligence and cloud services through an expanded partnership with Microsoft.,KPMG committed to spend **$2 billion** on **artificial intelligence and cloud services** through an expanded partnership with **Microsoft**【chunk_id=35f9e232b3c44ebab014::c0000】.,KPMG committed to spend **$2 billion** on **artificial intelligence and cloud services** through an expanded partnership with **Microsoft**【chunk_id=35f9e232b3c44ebab014::c0000】.,"[chunk_id=35f9e232b3c44ebab014::c0000 | date=2023-07-11 | score=0.664]
KPMG to invest $2 billion in AI cloud services. July 11 (Reuters) - KPMG said on Tuesday it will spend $2 billion on artificial intelligence and cloud services through an expanded partnership with Microsoft (MSFT.O) closely following Accenture ...

[chunk_id=adfdcbde940e4362ce02::c0000 | date=2023-02-26 | score=0.561]
‘Embrace technology and outskill your competition’. This is his sixth book and at present he is the Head of Managed Services KPMG Netherlands. In this interview he speaks about embracing technology leading from the heart and dealing with layoffs.

[chunk_id=5803108ba5a3b18f9745::c0000 | date=2023-03-21 | score=0.558]
G-P and UKG Announce Technology Integration Partnership. Partnership will provide joint customers with new functionalities and solutions that reduce cost errors and time. '""At G-P strategically partnering with the right providers is an invaluable part ...

[chunk_id=750f14e9e8af84a13c56::c0000 | date=2022-12-23 | score=0.476]
K2 Joins Salas O’Brien Expands Technology and Acoustics Services. “Technology and acoustics are vital for enhancing human connection in the built environment” says Darin Anderson chairman and CEO Salas O’Brien. “This service touches every industry sector. Adding this experienced team with outstanding ...

[chunk_id=9f1deaf5efacbe63294e::c0000 | date=2022-12-10 | score=0.450]
Kapihan sa MB presents episode that tackles how technology and innovation drive the transformation of a company. The upcoming episode will also shed light on how this emerging techglomerate is strengthening the provision of public services through partnerships ... Secretary of the Department of Information and Communications Technology (DICT) Dr. David Hardoon ...

[chunk_id=a6c159434dd6874000e4::c0000 | date=2023-01-05 | score=0.443]
UKG Celebrates 2022 Technology and Service Partners of the Year. January 05 2023--(BUSINESS WIRE)--UKG a leading provider of HR payroll and workforce management solutions for all people today announced the recipients of its annual Technology and Service ...","=== GRAPH ===
Microsoft [Company] -DEVELOPED-> Microsoft Copilot for Windows [Technology] | date=2023-09-21 | chunk=3a5ed6555cadb4149f58::c0000 | evidence=Microsoft Copilot for Windows launches September 26th and unifies several formerly separate Copilot assistants
KPMG [Company] -INVESTED_IN-> Microsoft [Company] | date=2023-07-11 | chunk=35f9e232b3c44ebab014::c0000 | evidence=KPMG said on Tuesday it will spend $2 billion on artificial intelligence and cloud services through an expanded partnership with Microsoft
Microsoft [Company] -DEVELOPED-> AI tools [Technology] | date=2023-06-20 | chunk=264d1b9d346656ddf765::c0000 | evidence=Microsoft is infusing artificial intelligence tools into its Office software including Word Excel and Outlook emails. The company said Thursday the new feature named Copilot is a processing engine that will allow users to do things like summarize long emails
Microsoft [Company] -DEVELOPED-> Azure OpenAI Service [Technology] | date=2023-06-09 | chunk=0f5fa36a88eaffbb32a0::c0000 | evidence=Microsoft unveils OpenAI service for government customers. The company unveiled its new Azure OpenAI Service for federal agencies
Options Technology [Company] -PARTNERED_WITH-> Microsoft [Company] | date=2023-05-10 | chunk=a2fe2cc636f39a18f032::c0000 | evidence=Options Technology the leading provider of cloud-enabled managed services to the global capital markets today announced its achievement of Microsoft Solutions Partner designation for Infrastructure.
Microsoft [Company] -DEVELOPED-> cloud data processing hub [Technology] | date=2023-04-26 | chunk=faa5aa220169e034c02b::c0000 | evidence=""Microsoft opens top cloud data processing hub in Poland""

=== VECTOR ===
[chunk_id=35f9e232b3c44ebab014::c0000 | date=2023-07-11 | score=0.664]
KPMG to invest $2 billion in AI cloud services. July 11 (Reuters) - KPMG said on Tuesday it will spend $2 billion on artificial intelligence and cloud services through an expanded partnership with Microsoft (MSFT.O) closely following Accenture ...

[chunk_id=adfdcbde940e4362ce02::c0000 | date=2023-02-26 | score=0.561]
‘Embrace technology and outskill your competition’. This is his sixth book and at present he is the Head of Managed Services KPMG Netherlands. In this interview he speaks about embracing technology leading from the heart and dealing with layoffs.

[chunk_id=5803108ba5a3b18f9745::c0000 | date=2023-03-21 | score=0.558]
G-P and UKG Announce Technology Integration Partnership. Partnership will provide joint customers with new functionalities and solutions that reduce cost errors and time. '""At G-P strategically partnering with the right providers is an invaluable part ...

[chunk_id=750f14e9e8af84a13c56::c0000 | date=2022-12-23 | score=0.476]
K2 Joins Salas O’Brien Expands Technology and Acoustics Services. “Technology and acoustics are vital for enhancing human connection in the built environment” says Darin Anderson chairman and CEO Salas O’Brien. “This service touches every industry sector. Adding this experienced team with outstanding ...

[chunk_id=9f1deaf5efacbe63294e::c0000 | date=2022-12-10 | score=0.450]
Kapihan sa MB presents episode that tackles how technology and innovation drive the transformation of a company. The upcoming episode will also shed light on how this emerging techglomerate is strengthening the provision of public services through partnerships ... Secretary of the Department of Information and Communications Technology (DICT) Dr. David Hardoon ...

[chunk_id=a6c159434dd6874000e4::c0000 | date=2023-01-05 | score=0.443]
UKG Celebrates 2022 Technology and Service Partners of the Year. January 05 2023--(BUSINESS WIRE)--UKG a leading provider of HR payroll and workforce management solutions for all people today announced the recipients of its annual Technology and Service ...",6.906462499988265,8.763299999991432,749,1180,0
first5000-title-v2-openrouter-free,G5000-20,cross-doc,How did Options Technology's Microsoft partner designations expand from May to June 2023?,"In May, Options Technology announced Microsoft Solutions Partner status for Infrastructure. In June, it announced Microsoft Solutions Partner status for Security, expanding the documented specialization from infrastructure to security.","In May 2023, Options Technology announced it had earned the **Microsoft Solutions Partner designation for Infrastructure**【a2fe2cc636f39a18f032::c0000】. By June 2023, the company had expanded its partnership portfolio, adding the **Microsoft Solutions Partner designation for Security**【f73febf774301e802436::c0000】. Thus, between May and June 2023, Options Technology grew from a single Infrastructure partner status to include an additional Security partner designation.","In May 2023, Options Technology announced it had earned the **Microsoft Solutions Partner designation for Infrastructure**【chunk_id=a2fe2cc636f39a18f032::c0000】. By June 2023, the company had expanded its partnership portfolio, adding the **Microsoft Solutions Partner designation for Security**【chunk_id=f73febf774301e802436::c0000】. Thus, between May and June 2023, Options Technology broadened its Microsoft partner status from Infrastructure to include Security.","[chunk_id=a2fe2cc636f39a18f032::c0000 | date=2023-05-10 | score=0.699]
Options Announces Achievement of Microsoft Infrastructure Solutions Partner Status. Options Technology the leading provider of cloud-enabled managed services to the global capital markets today announced its achievement of Microsoft Solutions Partner designation for Infrastructure.

[chunk_id=f73febf774301e802436::c0000 | date=2023-06-08 | score=0.643]
Options Named Microsoft Solutions Partner for Security. Options Technology the leading provider of cloud-enabled managed services to the global capital markets today announced its achievement of Microsoft Solutions Partner designation for Security.

[chunk_id=df28e0bcd2df8b8ecac5::c0000 | date=2023-08-11 | score=0.551]
Healthcare Information Technology Software Market Share Trends | 2023-2030 | Regional Status and Prospect. Products and Services Provided 3.4 Healthcare Information Technology Software Mergers and Acquisitions 3.5 Healthcare Information Technology Software New Entrants and Expansion Plans 6.1 ...

[chunk_id=e37fb735e49bd28b8487::c0000 | date=2023-07-06 | score=0.539]
Microsoft drops out of top three for UK software and IT services. '""Our analysis suggests that current challenges and the potential opportunities for technology to help address them will continue to push strong demand in the UK software and IT services market – albeit at a more measured pace – over the forecast ...

[chunk_id=17229f9dae4f3aa0a9bf::c0000 | date=2023-05-05 | score=0.532]
Unusual Call Option Trade in Microsoft Worth $1142.91K. ET an unusually large $1142.91K block of Call contracts in Microsoft (MSFT) was bought with a strike price of $300.00 / share expiring in 78 day(s) (on July 21 2023). Fintel tracks all large options trades

[chunk_id=7b9ddd9295198a5c6863::c0000 | date=2022-12-16 | score=0.518]
Microsoft plans to bring 10 million people online by 2025 with Starlink-like satellite internet service. Microsoft has announced its partnership with Starlink-like satellite internet service providing company named Starlink. Microsoft under the new partnership aims to deliver internet access to 10 ...","=== GRAPH ===
Microsoft [Company] -DEVELOPED-> Microsoft Copilot for Windows [Technology] | date=2023-09-21 | chunk=3a5ed6555cadb4149f58::c0000 | evidence=Microsoft Copilot for Windows launches September 26th and unifies several formerly separate Copilot assistants
KPMG [Company] -INVESTED_IN-> Microsoft [Company] | date=2023-07-11 | chunk=35f9e232b3c44ebab014::c0000 | evidence=KPMG said on Tuesday it will spend $2 billion on artificial intelligence and cloud services through an expanded partnership with Microsoft
Microsoft [Company] -DEVELOPED-> AI tools [Technology] | date=2023-06-20 | chunk=264d1b9d346656ddf765::c0000 | evidence=Microsoft is infusing artificial intelligence tools into its Office software including Word Excel and Outlook emails. The company said Thursday the new feature named Copilot is a processing engine that will allow users to do things like summarize long emails
Microsoft [Company] -DEVELOPED-> Azure OpenAI Service [Technology] | date=2023-06-09 | chunk=0f5fa36a88eaffbb32a0::c0000 | evidence=Microsoft unveils OpenAI service for government customers. The company unveiled its new Azure OpenAI Service for federal agencies
Options Technology [Company] -PARTNERED_WITH-> Microsoft [Company] | date=2023-05-10 | chunk=a2fe2cc636f39a18f032::c0000 | evidence=Options Technology the leading provider of cloud-enabled managed services to the global capital markets today announced its achievement of Microsoft Solutions Partner designation for Infrastructure.
Microsoft [Company] -DEVELOPED-> cloud data processing hub [Technology] | date=2023-04-26 | chunk=faa5aa220169e034c02b::c0000 | evidence=""Microsoft opens top cloud data processing hub in Poland""

=== VECTOR ===
[chunk_id=a2fe2cc636f39a18f032::c0000 | date=2023-05-10 | score=0.699]
Options Announces Achievement of Microsoft Infrastructure Solutions Partner Status. Options Technology the leading provider of cloud-enabled managed services to the global capital markets today announced its achievement of Microsoft Solutions Partner designation for Infrastructure.

[chunk_id=f73febf774301e802436::c0000 | date=2023-06-08 | score=0.643]
Options Named Microsoft Solutions Partner for Security. Options Technology the leading provider of cloud-enabled managed services to the global capital markets today announced its achievement of Microsoft Solutions Partner designation for Security.

[chunk_id=df28e0bcd2df8b8ecac5::c0000 | date=2023-08-11 | score=0.551]
Healthcare Information Technology Software Market Share Trends | 2023-2030 | Regional Status and Prospect. Products and Services Provided 3.4 Healthcare Information Technology Software Mergers and Acquisitions 3.5 Healthcare Information Technology Software New Entrants and Expansion Plans 6.1 ...

[chunk_id=e37fb735e49bd28b8487::c0000 | date=2023-07-06 | score=0.539]
Microsoft drops out of top three for UK software and IT services. '""Our analysis suggests that current challenges and the potential opportunities for technology to help address them will continue to push strong demand in the UK software and IT services market – albeit at a more measured pace – over the forecast ...

[chunk_id=17229f9dae4f3aa0a9bf::c0000 | date=2023-05-05 | score=0.532]
Unusual Call Option Trade in Microsoft Worth $1142.91K. ET an unusually large $1142.91K block of Call contracts in Microsoft (MSFT) was bought with a strike price of $300.00 / share expiring in 78 day(s) (on July 21 2023). Fintel tracks all large options trades

[chunk_id=7b9ddd9295198a5c6863::c0000 | date=2022-12-16 | score=0.518]
Microsoft plans to bring 10 million people online by 2025 with Starlink-like satellite internet service. Microsoft has announced its partnership with Starlink-like satellite internet service providing company named Starlink. Microsoft under the new partnership aims to deliver internet access to 10 ...",5.192920600005891,9.320897900033742,833,1246,0
first5000-title-v2-openrouter-free,G5000-21,multi-hop,Combine Microsoft's Poland infrastructure story with KPMG's July AI/cloud investment story. What two distinct kinds of Microsoft cloud expansion are represented?,"Microsoft launched a cloud data storage/processing hub in central Poland, representing physical cloud infrastructure expansion. Separately, KPMG committed $2 billion to AI and cloud services through an expanded Microsoft partnership, representing partner-led service and adoption investment.","The two distinct Microsoft‑related cloud expansions are:

1. **A hyperscale data‑center hub** – Microsoft opened a top‑notch cloud data‑storage and processing hub in central Poland, expanding its physical infrastructure for large‑scale cloud services [chunk_id=faa5aa220169e034c02b::c0000].  
2. **An AI‑cloud services partnership** – KPMG announced a $2 billion investment in AI and cloud services through an expanded partnership with Microsoft, focusing on AI‑enabled cloud offerings [chunk_id=35f9e232b3c44ebab014::c0000].","The two distinct Microsoft cloud expansion themes are:

1. **Infrastructure‑scale data‑processing expansion** – Microsoft opened a top‑tier cloud data‑processing hub in Poland, adding a new regional data‑center facility for storage and processing of large data sets [chunk_id=faa5aa220169e034c02b::c0000].

2. **AI‑driven cloud services partnership** – KPMG announced a $2 billion investment in artificial‑intelligence and cloud services through an expanded partnership with Microsoft, underscoring Microsoft’s growth in AI‑enabled cloud offerings [chunk_id=35f9e232b3c44ebab014::c0000].","[chunk_id=35f9e232b3c44ebab014::c0000 | date=2023-07-11 | score=0.642]
KPMG to invest $2 billion in AI cloud services. July 11 (Reuters) - KPMG said on Tuesday it will spend $2 billion on artificial intelligence and cloud services through an expanded partnership with Microsoft (MSFT.O) closely following Accenture ...

[chunk_id=faa5aa220169e034c02b::c0000 | date=2023-04-26 | score=0.571]
Microsoft opens top cloud data processing hub in Poland. Microsoft and Poland’s officials say that the IT giant has launched a top-notch hub for cloud data storage and processing in central Poland

[chunk_id=42e61b8f1159de4ebb7e::c0000 | date=2023-02-09 | score=0.559]
AIOps And Supercloud Adoption. Superclouds are domain-specific clouds built on top of hyperscalers to derive deeper business insights better time to market and innovation.

[chunk_id=c7c65b53343789548caa::c0000 | date=2023-04-14 | score=0.530]
JLL''s data center outlook: Cloud computing AI driving exponential growth for data center industry. According to JLL’s new Global Data Center Outlook the mass adoption of cloud computing and artificial intelligence (AI) is driving exponential growth for the data center industry with hyperscale and edge computing leading investor demand.

[chunk_id=89daf90254c478d8e525::c0000 | date=2023-01-24 | score=0.528]
Microsoft’s revenue and profit drop but cloud computing holds. Microsoft''s cloud computing unit drove growth according to the company’s second-quarter results released Tuesday.

[chunk_id=060079074c76bc41fc07::c0000 | date=2023-08-09 | score=0.525]
Microsoft Industry Blogs: Manufacturing and mobility. Today’s new AI capabilities announcement for Copilot in Dynamics 365 Field Service is especially impactful for ... the world’s leading market-intelligence providers for the information technology and consumer technology markets and they have published ...","=== GRAPH ===
Microsoft [Company] -DEVELOPED-> Microsoft Copilot for Windows [Technology] | date=2023-09-21 | chunk=3a5ed6555cadb4149f58::c0000 | evidence=Microsoft Copilot for Windows launches September 26th and unifies several formerly separate Copilot assistants
KPMG [Company] -INVESTED_IN-> Microsoft [Company] | date=2023-07-11 | chunk=35f9e232b3c44ebab014::c0000 | evidence=KPMG said on Tuesday it will spend $2 billion on artificial intelligence and cloud services through an expanded partnership with Microsoft
Microsoft [Company] -DEVELOPED-> AI tools [Technology] | date=2023-06-20 | chunk=264d1b9d346656ddf765::c0000 | evidence=Microsoft is infusing artificial intelligence tools into its Office software including Word Excel and Outlook emails. The company said Thursday the new feature named Copilot is a processing engine that will allow users to do things like summarize long emails
Microsoft [Company] -DEVELOPED-> Azure OpenAI Service [Technology] | date=2023-06-09 | chunk=0f5fa36a88eaffbb32a0::c0000 | evidence=Microsoft unveils OpenAI service for government customers. The company unveiled its new Azure OpenAI Service for federal agencies
Options Technology [Company] -PARTNERED_WITH-> Microsoft [Company] | date=2023-05-10 | chunk=a2fe2cc636f39a18f032::c0000 | evidence=Options Technology the leading provider of cloud-enabled managed services to the global capital markets today announced its achievement of Microsoft Solutions Partner designation for Infrastructure.
Microsoft [Company] -DEVELOPED-> cloud data processing hub [Technology] | date=2023-04-26 | chunk=faa5aa220169e034c02b::c0000 | evidence=""Microsoft opens top cloud data processing hub in Poland""

=== VECTOR ===
[chunk_id=35f9e232b3c44ebab014::c0000 | date=2023-07-11 | score=0.642]
KPMG to invest $2 billion in AI cloud services. July 11 (Reuters) - KPMG said on Tuesday it will spend $2 billion on artificial intelligence and cloud services through an expanded partnership with Microsoft (MSFT.O) closely following Accenture ...

[chunk_id=faa5aa220169e034c02b::c0000 | date=2023-04-26 | score=0.571]
Microsoft opens top cloud data processing hub in Poland. Microsoft and Poland’s officials say that the IT giant has launched a top-notch hub for cloud data storage and processing in central Poland

[chunk_id=42e61b8f1159de4ebb7e::c0000 | date=2023-02-09 | score=0.559]
AIOps And Supercloud Adoption. Superclouds are domain-specific clouds built on top of hyperscalers to derive deeper business insights better time to market and innovation.

[chunk_id=c7c65b53343789548caa::c0000 | date=2023-04-14 | score=0.530]
JLL''s data center outlook: Cloud computing AI driving exponential growth for data center industry. According to JLL’s new Global Data Center Outlook the mass adoption of cloud computing and artificial intelligence (AI) is driving exponential growth for the data center industry with hyperscale and edge computing leading investor demand.

[chunk_id=89daf90254c478d8e525::c0000 | date=2023-01-24 | score=0.528]
Microsoft’s revenue and profit drop but cloud computing holds. Microsoft''s cloud computing unit drove growth according to the company’s second-quarter results released Tuesday.

[chunk_id=060079074c76bc41fc07::c0000 | date=2023-08-09 | score=0.525]
Microsoft Industry Blogs: Manufacturing and mobility. Today’s new AI capabilities announcement for Copilot in Dynamics 365 Field Service is especially impactful for ... the world’s leading market-intelligence providers for the information technology and consumer technology markets and they have published ...",6.068377999996301,9.16427389997989,796,1223,0
first5000-title-v2-openrouter-free,G5000-22,multi-hop,"From Office Copilot to unified Windows Copilot, what entities and surfaces form the product-expansion path?","Microsoft Copilot first appears across Office applications such as Word, Excel, and Outlook; later Microsoft describes a unified Copilot for Windows that consolidates formerly separate assistants and is also tied to Edge in the story framing.","**Product‑expansion path from Office Copilot to Unified Windows Copilot**

| Stage | Core entity (AI assistant) | Primary surfaces / channels |
|-------|----------------------------|-----------------------------|
| **Office Copilot** | Copilot integrated into Microsoft Office apps (Word, Excel, Outlook, Dynamics 365 Field Service, etc.) – a processing engine that can summarize, draft, and automate tasks within those apps. | Office desktop apps, Office 365 web apps, Outlook on the web, Dynamics 365 Field Service portal. |
| **Unified Windows Copilot** | A single Copilot that merges the previously separate Office‑, Edge‑, and Windows‑specific assistants into one AI layer. | Windows 10/11 desktop (taskbar, Start menu, Settings), Microsoft Edge browser, Windows Shell, and any Windows‑based Surface devices (laptop, tablet, PC). |

**Key points**

* Office Copilot was first introduced in 2023 to add AI tools to Word, Excel, Outlook, and Dynamics 365 Field Service, enabling tasks such as summarizing long emails and automating field‑service workflows. [chunk_id=6a5730b76e8157e83d44]  
* Microsoft","**Product‑expansion path from Office Copilot to unified Windows Copilot**

| Stage | Entity (product/feature) | Surface (where it appears) | Evidence |
|-------|--------------------------|----------------------------|----------|
| 1 | **Office Copilot** – AI‑powered assistant integrated into Microsoft Office apps (Word, Excel, Outlook) | Office desktop apps (Word, Excel, Outlook) | “Microsoft is infusing artificial intelligence tools into its Office software including Word Excel and Outlook emails. The company said Thursday the new feature named Copilot is a processing engine that will allow users to do things like summarize long emails” [chunk_id=6a5730b76e8157e83d44::c0000] |
| 2 | **Copilot for Windows** – unified Copilot that consolidates the separate Office, Edge, and other assistants | Windows 10/11 desktop, Windows Edge browser, Windows Start menu, taskbar, and other system surfaces | “Microsoft Copilot for Windows launches September 26th and unifies several formerly separate Copilot assistants” [chunk_id=3a5ed6555cadb4149f58::c0000","[chunk_id=3a5ed6555cadb4149f58::c0000 | date=2023-09-21 | score=0.526]
Microsoft’s unified Copilot is coming to Windows Edge and everywhere else. Microsoft Copilot for Windows launches September 26th and unifies several formerly separate Copilot assistants.

[chunk_id=6a5730b76e8157e83d44::c0000 | date=2023-03-17 | score=0.429]
Microsoft adds AI tools to Outlook Word. Microsoft is infusing artificial intelligence tools into its Office software including Word Excel and Outlook emails. The company said Thursday the new feature named Copilot is a processing engine that will allow users to do things like summarize long emails

[chunk_id=060079074c76bc41fc07::c0000 | date=2023-08-09 | score=0.423]
Microsoft Industry Blogs: Manufacturing and mobility. Today’s new AI capabilities announcement for Copilot in Dynamics 365 Field Service is especially impactful for ... the world’s leading market-intelligence providers for the information technology and consumer technology markets and they have published ...

[chunk_id=4e949247dd0173f560cd::c0000 | date=2023-03-14 | score=0.351]
Vectorworks 2023 Service Pack 4 Delivers Next-Gen Technology to Designers. This continuous evolution keeps our users at the leading edge of technology ... cable routes and discerning information like diameter total length and more. This Service Pack is available ...

[chunk_id=80ba9d43bdb89567a46a::c0000 | date=2023-09-15 | score=0.349]
Microsoft unveils three new Surface computers: laptop tablet and PC – CNBC. Next article SAP and Microsoft Collaborate on Joint Generative AI Offerings to Help Customers Address the Talent Gap – SAP News Center

[chunk_id=327643683e44ede353f7::c0000 | date=2023-08-09 | score=0.349]
Syxsense Announces AI-Powered Cortex Copilot Bringing Natural Language Processing to Endpoint Management and Security Automation. Cortex Copilot builds on the existing functionality of Syxsense Cortex ™ - which already delivers a no-code drag-and-drop visual designer that enables IT and security administrators to quickly build complex automated workflows for software deployment","=== GRAPH ===
Microsoft [Company] -DEVELOPED-> Microsoft Copilot for Windows [Technology] | date=2023-09-21 | chunk=3a5ed6555cadb4149f58::c0000 | evidence=Microsoft Copilot for Windows launches September 26th and unifies several formerly separate Copilot assistants
KPMG [Company] -INVESTED_IN-> Microsoft [Company] | date=2023-07-11 | chunk=35f9e232b3c44ebab014::c0000 | evidence=KPMG said on Tuesday it will spend $2 billion on artificial intelligence and cloud services through an expanded partnership with Microsoft
Microsoft [Company] -DEVELOPED-> AI tools [Technology] | date=2023-06-20 | chunk=264d1b9d346656ddf765::c0000 | evidence=Microsoft is infusing artificial intelligence tools into its Office software including Word Excel and Outlook emails. The company said Thursday the new feature named Copilot is a processing engine that will allow users to do things like summarize long emails
Microsoft [Company] -DEVELOPED-> Azure OpenAI Service [Technology] | date=2023-06-09 | chunk=0f5fa36a88eaffbb32a0::c0000 | evidence=Microsoft unveils OpenAI service for government customers. The company unveiled its new Azure OpenAI Service for federal agencies
Options Technology [Company] -PARTNERED_WITH-> Microsoft [Company] | date=2023-05-10 | chunk=a2fe2cc636f39a18f032::c0000 | evidence=Options Technology the leading provider of cloud-enabled managed services to the global capital markets today announced its achievement of Microsoft Solutions Partner designation for Infrastructure.
Microsoft [Company] -DEVELOPED-> cloud data processing hub [Technology] | date=2023-04-26 | chunk=faa5aa220169e034c02b::c0000 | evidence=""Microsoft opens top cloud data processing hub in Poland""
DEWA [Company] -USES-> ChatGPT technology [Technology] | date=2022-12-07 | chunk=4f1346392056a403277d::c0000 | evidence=DEWA is working to enrich its services with ChatGPT technology

=== VECTOR ===
[chunk_id=3a5ed6555cadb4149f58::c0000 | date=2023-09-21 | score=0.526]
Microsoft’s unified Copilot is coming to Windows Edge and everywhere else. Microsoft Copilot for Windows launches September 26th and unifies several formerly separate Copilot assistants.

[chunk_id=6a5730b76e8157e83d44::c0000 | date=2023-03-17 | score=0.429]
Microsoft adds AI tools to Outlook Word. Microsoft is infusing artificial intelligence tools into its Office software including Word Excel and Outlook emails. The company said Thursday the new feature named Copilot is a processing engine that will allow users to do things like summarize long emails

[chunk_id=060079074c76bc41fc07::c0000 | date=2023-08-09 | score=0.423]
Microsoft Industry Blogs: Manufacturing and mobility. Today’s new AI capabilities announcement for Copilot in Dynamics 365 Field Service is especially impactful for ... the world’s leading market-intelligence providers for the information technology and consumer technology markets and they have published ...

[chunk_id=4e949247dd0173f560cd::c0000 | date=2023-03-14 | score=0.351]
Vectorworks 2023 Service Pack 4 Delivers Next-Gen Technology to Designers. This continuous evolution keeps our users at the leading edge of technology ... cable routes and discerning information like diameter total length and more. This Service Pack is available ...

[chunk_id=80ba9d43bdb89567a46a::c0000 | date=2023-09-15 | score=0.349]
Microsoft unveils three new Surface computers: laptop tablet and PC – CNBC. Next article SAP and Microsoft Collaborate on Joint Generative AI Offerings to Help Customers Address the Talent Gap – SAP News Center

[chunk_id=327643683e44ede353f7::c0000 | date=2023-08-09 | score=0.349]
Syxsense Announces AI-Powered Cortex Copilot Bringing Natural Language Processing to Endpoint Management and Security Automation. Cortex Copilot builds on the existing functionality of Syxsense Cortex ™ - which already delivers a no-code drag-and-drop visual designer that enables IT and security administrators to quickly build complex automated workflows for software deployment",6.111178299994208,10.84548600000562,988,1475,0
first5000-title-v2-openrouter-free,G5000-23,cross-doc,"Which Microsoft-related story is a confirmed external customer use of ChatGPT, and which is only a reported potential product for businesses?",DEWA's February announcement is a confirmed customer use case: it said it was working to enrich services with ChatGPT technology supported by Microsoft. The May private-ChatGPT-for-businesses story is only a reported potential future offering that could be announced later.,"The confirmed external‑customer use of ChatGPT is the **Mercedes‑Benz story** – the automaker is putting ChatGPT into its in‑car voice assistant via Microsoft’s Azure OpenAI Service, with a three‑month beta for U.S. customers [chunk_id=53d68468aab19009455f].  

The other story is only a reported potential product for businesses – Microsoft’s plan to offer a private, dedicated‑server version of ChatGPT to enterprises at a higher price, announced as a possible product later in the quarter [chunk_id=700b1c6b9fb241a4301f].","- **Confirmed external customer use of ChatGPT**: Mercedes‑Benz is putting ChatGPT in its cars, using Microsoft’s Azure OpenAI Service for an in‑car voice assistant that will be available in a three‑month beta program for U.S. customers in select vehicles [chunk_id=53d68468aab19009455f].  

- **Only a reported potential product for businesses**: Microsoft’s possible “private ChatGPT” offering for businesses, which would run ChatGPT on dedicated servers separate from the public ones, is still only a reported potential product slated for announcement later this quarter [chunk_id=700b1c6b9fb241a4301f].","[chunk_id=700b1c6b9fb241a4301f::c0000 | date=2023-05-02 | score=0.740]
Microsoft could offer private ChatGPT to businesses for “10 times” the normal cost. The product which could be announced '""later this quarter'"" would run ChatGPT on dedicated servers separate from the ones used by other companies or other individual users using the versions of ChatGPT that Microsoft is baking into Edge

[chunk_id=a6fd2f4f2b976b1b70ab::c0000 | date=2023-02-02 | score=0.674]
Microsoft unveils premium messaging powered by ChatGPT. Microsoft on Wednesday announced a new premium messaging service that will be powered by Open AI’s ChatGPT messaging service. In a blog post Microsoft Teams vice president Nicole Herskowitz wrote that its new service

[chunk_id=13473db603d8790352b7::c0000 | date=2023-02-05 | score=0.600]
Here''s how tech giants Microsoft Google and Baidu are taking on ChatGPT and what that could mean for investors. AI-powered ChatGPT has become a buzzword for investors. Here's what the Big Techs are working on to make sure they don't get left behind.

[chunk_id=4177bf0c17631a535b01::c0000 | date=2023-10-03 | score=0.578]
ChatGPT provided better customer service than his staff. He fired them.. Countries such as India with well-educated English-speaking young workers became a popular destination for these back-end jobs — most notably in customer service information technology and ...

[chunk_id=53d68468aab19009455f::c0000 | date=2023-06-15 | score=0.564]
Mercedes tries putting ChatGPT in your car. Mercedes-Benz is putting ChatGPT on the road. The automaker is using Microsoft’s Azure OpenAI Service to bring the viral natural-language model to its in-car voice assistant. It will initially be available in a three-month beta program for US customers in select vehicles

[chunk_id=00d38357378a5c31581c::c0000 | date=2023-09-27 | score=0.553]
OpenAI gives ChatGPT access to the entire internet. OpenAI just announced on X (formerly Twitter) that ChatGPT “can now browse the internet to provide you ... September 27 2023 The company said the capability was now available to ChatGPT Plus ...","=== GRAPH ===
Microsoft [Company] -DEVELOPED-> Microsoft Copilot for Windows [Technology] | date=2023-09-21 | chunk=3a5ed6555cadb4149f58::c0000 | evidence=Microsoft Copilot for Windows launches September 26th and unifies several formerly separate Copilot assistants
KPMG [Company] -INVESTED_IN-> Microsoft [Company] | date=2023-07-11 | chunk=35f9e232b3c44ebab014::c0000 | evidence=KPMG said on Tuesday it will spend $2 billion on artificial intelligence and cloud services through an expanded partnership with Microsoft
Microsoft [Company] -DEVELOPED-> AI tools [Technology] | date=2023-06-20 | chunk=264d1b9d346656ddf765::c0000 | evidence=Microsoft is infusing artificial intelligence tools into its Office software including Word Excel and Outlook emails. The company said Thursday the new feature named Copilot is a processing engine that will allow users to do things like summarize long emails
Microsoft [Company] -DEVELOPED-> Azure OpenAI Service [Technology] | date=2023-06-09 | chunk=0f5fa36a88eaffbb32a0::c0000 | evidence=Microsoft unveils OpenAI service for government customers. The company unveiled its new Azure OpenAI Service for federal agencies
Options Technology [Company] -PARTNERED_WITH-> Microsoft [Company] | date=2023-05-10 | chunk=a2fe2cc636f39a18f032::c0000 | evidence=Options Technology the leading provider of cloud-enabled managed services to the global capital markets today announced its achievement of Microsoft Solutions Partner designation for Infrastructure.
Microsoft [Company] -DEVELOPED-> cloud data processing hub [Technology] | date=2023-04-26 | chunk=faa5aa220169e034c02b::c0000 | evidence=""Microsoft opens top cloud data processing hub in Poland""

=== VECTOR ===
[chunk_id=700b1c6b9fb241a4301f::c0000 | date=2023-05-02 | score=0.740]
Microsoft could offer private ChatGPT to businesses for “10 times” the normal cost. The product which could be announced '""later this quarter'"" would run ChatGPT on dedicated servers separate from the ones used by other companies or other individual users using the versions of ChatGPT that Microsoft is baking into Edge

[chunk_id=a6fd2f4f2b976b1b70ab::c0000 | date=2023-02-02 | score=0.674]
Microsoft unveils premium messaging powered by ChatGPT. Microsoft on Wednesday announced a new premium messaging service that will be powered by Open AI’s ChatGPT messaging service. In a blog post Microsoft Teams vice president Nicole Herskowitz wrote that its new service

[chunk_id=13473db603d8790352b7::c0000 | date=2023-02-05 | score=0.600]
Here''s how tech giants Microsoft Google and Baidu are taking on ChatGPT and what that could mean for investors. AI-powered ChatGPT has become a buzzword for investors. Here's what the Big Techs are working on to make sure they don't get left behind.

[chunk_id=4177bf0c17631a535b01::c0000 | date=2023-10-03 | score=0.578]
ChatGPT provided better customer service than his staff. He fired them.. Countries such as India with well-educated English-speaking young workers became a popular destination for these back-end jobs — most notably in customer service information technology and ...

[chunk_id=53d68468aab19009455f::c0000 | date=2023-06-15 | score=0.564]
Mercedes tries putting ChatGPT in your car. Mercedes-Benz is putting ChatGPT on the road. The automaker is using Microsoft’s Azure OpenAI Service to bring the viral natural-language model to its in-car voice assistant. It will initially be available in a three-month beta program for US customers in select vehicles

[chunk_id=00d38357378a5c31581c::c0000 | date=2023-09-27 | score=0.553]
OpenAI gives ChatGPT access to the entire internet. OpenAI just announced on X (formerly Twitter) that ChatGPT “can now browse the internet to provide you ... September 27 2023 The company said the capability was now available to ChatGPT Plus ...",7.7557665999629535,9.71270239999285,854,1301,0
first5000-title-v2-openrouter-free,G5000-24,factoid,What Microsoft settlement amount is reported for illegally collecting children's personal information?,$20 million.,Microsoft is reported to have agreed to pay a **$20 million** settlement for illegally collecting children’s personal information. [chunk_id=7459e2686b458186eea9],Microsoft agreed to pay a $20 million settlement for illegally collecting children’s personal information. [chunk_id=7459e2686b458186eea9::c0000],"[chunk_id=7459e2686b458186eea9::c0000 | date=2023-06-07 | score=0.808]
Microsoft pays $20 million settlement for collecting children’s data. Hung onto for rather a long time tooMicrosoft has agreed to pay $20 million to settle charges by the Federal Trade Commission (FTC) that it illegally collected personal information from children without parental consent and retained it for extended periods.

[chunk_id=a3fc2ae95cfde03f7c22::c0000 | date=2023-02-05 | score=0.445]
Probation for woman who wrongly claimed £1k in benefits. Cracknell’s advocate noted that the claim wasn’t fraudulent from the outset adding that his client wanted to ‘get the matter dealt with and move on with her life.’ The court heard the offence was aggravated by a previous conviction for benefit fraud in 2020 when she wrongly claimed more than £32

[chunk_id=3f7f2dcec824959523d4::c0000 | date=2022-12-19 | score=0.438]
I was trolled & called ‘benefits cheat’ for buying gifts worth £1K for one-year-old – but there’s a heartbreaking reason. WHEN Sarah Bouasker innocently shared a snap of the haul of presents she’s bought for her daughter nothing could have prepared her for the backlash she’d receive. The mum-of-one has

[chunk_id=e62a7af0f17d24a44448::c0000 | date=2023-07-13 | score=0.438]
IT for financial services. Former worker says contacting the people affected by the data breach is her last resort after the bank and regulators appear satisfied that the sensitive data file is safe stored under her bed ...

[chunk_id=a6136e267fddbea9fa79::c0000 | date=2023-09-08 | score=0.428]
Mum of boy with autism gets £1k from council and an apology. The mum of a boy with autism and an anxiety disorder has received an apology and £1100 in compensation from Salford council. The town hall failed to provide alternative provision for his education while he stayed at home for eight weeks.

[chunk_id=af8ded84db992ffdc7de::c0000 | date=2023-02-10 | score=0.415]
Information Services provides FY 2023 outlook. Net income between $27M-32M; EBITDA between $58M-63M; Adjusted EBITDA between $65M-70M. The company anticipates revenue consistency in 2023 driven by its two core segments Registry Operations ...","=== GRAPH ===
Microsoft [Company] -DEVELOPED-> Microsoft Copilot for Windows [Technology] | date=2023-09-21 | chunk=3a5ed6555cadb4149f58::c0000 | evidence=Microsoft Copilot for Windows launches September 26th and unifies several formerly separate Copilot assistants
KPMG [Company] -INVESTED_IN-> Microsoft [Company] | date=2023-07-11 | chunk=35f9e232b3c44ebab014::c0000 | evidence=KPMG said on Tuesday it will spend $2 billion on artificial intelligence and cloud services through an expanded partnership with Microsoft
Microsoft [Company] -DEVELOPED-> AI tools [Technology] | date=2023-06-20 | chunk=264d1b9d346656ddf765::c0000 | evidence=Microsoft is infusing artificial intelligence tools into its Office software including Word Excel and Outlook emails. The company said Thursday the new feature named Copilot is a processing engine that will allow users to do things like summarize long emails
Microsoft [Company] -DEVELOPED-> Azure OpenAI Service [Technology] | date=2023-06-09 | chunk=0f5fa36a88eaffbb32a0::c0000 | evidence=Microsoft unveils OpenAI service for government customers. The company unveiled its new Azure OpenAI Service for federal agencies
Options Technology [Company] -PARTNERED_WITH-> Microsoft [Company] | date=2023-05-10 | chunk=a2fe2cc636f39a18f032::c0000 | evidence=Options Technology the leading provider of cloud-enabled managed services to the global capital markets today announced its achievement of Microsoft Solutions Partner designation for Infrastructure.
Microsoft [Company] -DEVELOPED-> cloud data processing hub [Technology] | date=2023-04-26 | chunk=faa5aa220169e034c02b::c0000 | evidence=""Microsoft opens top cloud data processing hub in Poland""

=== VECTOR ===
[chunk_id=7459e2686b458186eea9::c0000 | date=2023-06-07 | score=0.808]
Microsoft pays $20 million settlement for collecting children’s data. Hung onto for rather a long time tooMicrosoft has agreed to pay $20 million to settle charges by the Federal Trade Commission (FTC) that it illegally collected personal information from children without parental consent and retained it for extended periods.

[chunk_id=a3fc2ae95cfde03f7c22::c0000 | date=2023-02-05 | score=0.445]
Probation for woman who wrongly claimed £1k in benefits. Cracknell’s advocate noted that the claim wasn’t fraudulent from the outset adding that his client wanted to ‘get the matter dealt with and move on with her life.’ The court heard the offence was aggravated by a previous conviction for benefit fraud in 2020 when she wrongly claimed more than £32

[chunk_id=3f7f2dcec824959523d4::c0000 | date=2022-12-19 | score=0.438]
I was trolled & called ‘benefits cheat’ for buying gifts worth £1K for one-year-old – but there’s a heartbreaking reason. WHEN Sarah Bouasker innocently shared a snap of the haul of presents she’s bought for her daughter nothing could have prepared her for the backlash she’d receive. The mum-of-one has

[chunk_id=e62a7af0f17d24a44448::c0000 | date=2023-07-13 | score=0.438]
IT for financial services. Former worker says contacting the people affected by the data breach is her last resort after the bank and regulators appear satisfied that the sensitive data file is safe stored under her bed ...

[chunk_id=a6136e267fddbea9fa79::c0000 | date=2023-09-08 | score=0.428]
Mum of boy with autism gets £1k from council and an apology. The mum of a boy with autism and an anxiety disorder has received an apology and £1100 in compensation from Salford council. The town hall failed to provide alternative provision for his education while he stayed at home for eight weeks.

[chunk_id=af8ded84db992ffdc7de::c0000 | date=2023-02-10 | score=0.415]
Information Services provides FY 2023 outlook. Net income between $27M-32M; EBITDA between $58M-63M; Adjusted EBITDA between $65M-70M. The company anticipates revenue consistency in 2023 driven by its two core segments Registry Operations ...",6.263070499990135,8.743785099999513,774,1205,0
first5000-title-v2-openrouter-free,G5000-25,cross-doc,"Was AWS reported to have adopted AMD's new AI chips, or only to be evaluating them? What evidence in the selected data prevents a false adoption edge?","AWS was reported to be considering AMD's new AI chips, and an AWS executive said no final decision had been made. Therefore the graph should store an evaluation/consideration relation, not a confirmed adoption or purchase.","AWS has **not** reported adopting AMD’s new AI chips; it is only evaluating them.  
The Reuters‑exclusive article dated 2023‑06‑14 states that AWS is “considering” the chips but has “not made a final decision” [chunk_id=ec3ce18d568e33867724]. No other source in the supplied data indicates a formal adoption or deployment.","AWS has **not** reported adopting AMD’s new AI chips; it is only evaluating them.  
The Reuters‑reported statement in chunk [ec3ce18d568e33867724::c0000] (dated 2023‑06‑14) says “Amazon Web Services the world''s largest cloud computing provider is considering using new artificial intelligence chips from Advanced Micro Devices Inc though it has not made a final decision”【ec3ce18d568e33867724::c0000】. No other evidence in the supplied data indicates a formal adoption or deployment of the chips.","[chunk_id=ec3ce18d568e33867724::c0000 | date=2023-06-14 | score=0.714]
Exclusive: Amazon's cloud unit is considering AMD's new AI chips. Amazon Web Services the world''s largest cloud computing provider is considering using new artificial intelligence chips from Advanced Micro Devices Inc though it has not made a final decision an AWS executive told Reuters.

[chunk_id=1d1a000f3ee1a8799477::c0000 | date=2023-07-20 | score=0.505]
Top 11 AI as a Service Companies 2023. Contact the IBM sales team to get the actual rate for your selected AI service. Amazon Web Services (AWS) is a leading provider of cloud computing and AI services. The company offers various AI ...

[chunk_id=6ec376fffd2c56fef630::c0000 | date=2023-07-26 | score=0.503]
Exclusive: Amazon has drawn thousands to try its AI service competing with Microsoft Google. The company also announced new AI tools on Wednesday including a program for building more conversational customer-service agents technology access from the startup Cohere and a healthcare ...

[chunk_id=b432186d8fe246dc1fab::c0000 | date=2023-07-27 | score=0.493]
Amazon has drawn thousands to try its AI service competing with Microsoft Google. The company also announced new AI tools on Wednesday including a program for building more conversational customer-service agents technology access from the startup Cohere and a healthcare system for generating clinical notes after a patient visit.

[chunk_id=4c8e9044ab0a5a6808a6::c0000 | date=2022-12-29 | score=0.482]
“Data Provokes Thought And Changes Lives”—Here’s How Technology Can Enhance Equity. That’s something that the team at Amazon Web Services (AWS) fully understands. Through their Artificial Intelligence (AI)/machine learning (ML) technology they help businesses like ADP ...

[chunk_id=33e484d5c63c73a100c5::c0000 | date=2023-06-23 | score=0.470]
This Technology Holds the Key to Amazon's Future; It's Not Robots. Generative artificial intelligence is getting all of the hype but cloud computing is the technology that has ... Thanks to AWS’s low cost services startups have been able to grow rapidly ...","=== GRAPH ===
AMD [Company] -DEVELOPED-> chips [Technology] | date=2023-06-01 | chunk=7d21e479ed47024a21cd::c0000 | evidence=""AMD is powering multiple cloud services through its chips""

=== VECTOR ===
[chunk_id=ec3ce18d568e33867724::c0000 | date=2023-06-14 | score=0.714]
Exclusive: Amazon's cloud unit is considering AMD's new AI chips. Amazon Web Services the world''s largest cloud computing provider is considering using new artificial intelligence chips from Advanced Micro Devices Inc though it has not made a final decision an AWS executive told Reuters.

[chunk_id=1d1a000f3ee1a8799477::c0000 | date=2023-07-20 | score=0.505]
Top 11 AI as a Service Companies 2023. Contact the IBM sales team to get the actual rate for your selected AI service. Amazon Web Services (AWS) is a leading provider of cloud computing and AI services. The company offers various AI ...

[chunk_id=6ec376fffd2c56fef630::c0000 | date=2023-07-26 | score=0.503]
Exclusive: Amazon has drawn thousands to try its AI service competing with Microsoft Google. The company also announced new AI tools on Wednesday including a program for building more conversational customer-service agents technology access from the startup Cohere and a healthcare ...

[chunk_id=b432186d8fe246dc1fab::c0000 | date=2023-07-27 | score=0.493]
Amazon has drawn thousands to try its AI service competing with Microsoft Google. The company also announced new AI tools on Wednesday including a program for building more conversational customer-service agents technology access from the startup Cohere and a healthcare system for generating clinical notes after a patient visit.

[chunk_id=4c8e9044ab0a5a6808a6::c0000 | date=2022-12-29 | score=0.482]
“Data Provokes Thought And Changes Lives”—Here’s How Technology Can Enhance Equity. That’s something that the team at Amazon Web Services (AWS) fully understands. Through their Artificial Intelligence (AI)/machine learning (ML) technology they help businesses like ADP ...

[chunk_id=33e484d5c63c73a100c5::c0000 | date=2023-06-23 | score=0.470]
This Technology Holds the Key to Amazon's Future; It's Not Robots. Generative artificial intelligence is getting all of the hype but cloud computing is the technology that has ... Thanks to AWS’s low cost services startups have been able to grow rapidly ...",5.419385699962732,6.4170455999556,778,876,0
first5000-title-v2-openrouter-free,G5000-26,multi-hop,"What external technology provider is named inside Amazon's July AI-service expansion, and what other new AI capability is mentioned alongside it?",Amazon's AI-service story names access to technology from Cohere. It also mentions a program for building more conversational customer-service agents; one follow-up additionally mentions a healthcare system for generating clinical notes after patient visits.,"The expansion cites the startup **Cohere** as an external technology provider, and it also highlights a new AI capability for **building more conversational customer‑service agents** [chunk_id=6ec376fffd2c56fef630, chunk_id=b432186d8fe246dc1fab].","The expansion cites **Cohere** as the external technology provider whose AI tools Amazon is integrating. Alongside this, Amazon also announced a **healthcare system that generates clinical notes after a patient visit** as a new AI capability. [chunk_id=6ec376fffd2c56fef630::c0000]","[chunk_id=ec3ce18d568e33867724::c0000 | date=2023-06-14 | score=0.733]
Exclusive: Amazon's cloud unit is considering AMD's new AI chips. Amazon Web Services the world''s largest cloud computing provider is considering using new artificial intelligence chips from Advanced Micro Devices Inc though it has not made a final decision an AWS executive told Reuters.

[chunk_id=6ec376fffd2c56fef630::c0000 | date=2023-07-26 | score=0.723]
Exclusive: Amazon has drawn thousands to try its AI service competing with Microsoft Google. The company also announced new AI tools on Wednesday including a program for building more conversational customer-service agents technology access from the startup Cohere and a healthcare ...

[chunk_id=b432186d8fe246dc1fab::c0000 | date=2023-07-27 | score=0.711]
Amazon has drawn thousands to try its AI service competing with Microsoft Google. The company also announced new AI tools on Wednesday including a program for building more conversational customer-service agents technology access from the startup Cohere and a healthcare system for generating clinical notes after a patient visit.

[chunk_id=1d1a000f3ee1a8799477::c0000 | date=2023-07-20 | score=0.703]
Top 11 AI as a Service Companies 2023. Contact the IBM sales team to get the actual rate for your selected AI service. Amazon Web Services (AWS) is a leading provider of cloud computing and AI services. The company offers various AI ...

[chunk_id=33e484d5c63c73a100c5::c0000 | date=2023-06-23 | score=0.681]
This Technology Holds the Key to Amazon's Future; It's Not Robots. Generative artificial intelligence is getting all of the hype but cloud computing is the technology that has ... Thanks to AWS’s low cost services startups have been able to grow rapidly ...

[chunk_id=c84c621aab489be45c42::c0000 | date=2023-06-23 | score=0.677]
Amazon is spending $100 million to teach cloud customers about AI. Amazon.com's cloud unit is building a program to help customers develop and deploy new kinds of artificial intelligence products as the biggest seller of cloud services tries to match Microsoft and Google in the market for so-called generative AI.","=== GRAPH ===
Amazon [Company] -USES-> Cohere [Company] | date=2023-07-26 | chunk=6ec376fffd2c56fef630::c0000 | evidence=Amazon announced new AI tools on Wednesday including a program for building more conversational customer-service agents technology access from the startup Cohere

=== VECTOR ===
[chunk_id=ec3ce18d568e33867724::c0000 | date=2023-06-14 | score=0.733]
Exclusive: Amazon's cloud unit is considering AMD's new AI chips. Amazon Web Services the world''s largest cloud computing provider is considering using new artificial intelligence chips from Advanced Micro Devices Inc though it has not made a final decision an AWS executive told Reuters.

[chunk_id=6ec376fffd2c56fef630::c0000 | date=2023-07-26 | score=0.723]
Exclusive: Amazon has drawn thousands to try its AI service competing with Microsoft Google. The company also announced new AI tools on Wednesday including a program for building more conversational customer-service agents technology access from the startup Cohere and a healthcare ...

[chunk_id=b432186d8fe246dc1fab::c0000 | date=2023-07-27 | score=0.711]
Amazon has drawn thousands to try its AI service competing with Microsoft Google. The company also announced new AI tools on Wednesday including a program for building more conversational customer-service agents technology access from the startup Cohere and a healthcare system for generating clinical notes after a patient visit.

[chunk_id=1d1a000f3ee1a8799477::c0000 | date=2023-07-20 | score=0.703]
Top 11 AI as a Service Companies 2023. Contact the IBM sales team to get the actual rate for your selected AI service. Amazon Web Services (AWS) is a leading provider of cloud computing and AI services. The company offers various AI ...

[chunk_id=33e484d5c63c73a100c5::c0000 | date=2023-06-23 | score=0.681]
This Technology Holds the Key to Amazon's Future; It's Not Robots. Generative artificial intelligence is getting all of the hype but cloud computing is the technology that has ... Thanks to AWS’s low cost services startups have been able to grow rapidly ...

[chunk_id=c84c621aab489be45c42::c0000 | date=2023-06-23 | score=0.677]
Amazon is spending $100 million to teach cloud customers about AI. Amazon.com's cloud unit is building a program to help customers develop and deploy new kinds of artificial intelligence products as the biggest seller of cloud services tries to match Microsoft and Google in the market for so-called generative AI.",6.298779700009618,6.204616500006523,778,850,0
first5000-title-v2-openrouter-free,G5000-27,cross-doc,How should the graph reconcile the statement that AMD powers multiple cloud services with the later Reuters report about AWS considering AMD AI chips?,The June 1 investment article broadly says AMD powers multiple cloud services through its chips. The June 14 Reuters report specifically says AWS was only considering AMD's new AI chips and had not made a final decision. Therefore the broad cloud relationship must not be specialized into a confirmed AWS adoption of the new AI chips.,"The two pieces of information are not contradictory.  
- The June 1, 2023 note that “AMD is powering multiple cloud services through its chips” refers to AMD’s existing processors (e.g., EPYC CPUs and Radeon GPUs) that are already deployed in various cloud‑provider infrastructures, including AWS’s EC2 instances [chunk_id=7d21e479ed47024a21cd].  
- The Reuters report from June 14, 2023 that “Amazon Web Services is considering AMD’s new AI chips” simply indicates that AWS is evaluating a newer line of AMD‑designed AI accelerators for future use [chunk_id=ec3ce18d568e33867724].

Thus, AWS already uses AMD hardware in its cloud services and is now looking at additional AMD AI chips to expand or enhance its AI‑related offerings. No conflict exists; the statements describe different stages of AMD’s involvement with AWS.","The two pieces of information are compatible rather than contradictory.  
- The graph shows that **AMD’s chips are already powering multiple cloud services** (e.g., AWS, Microsoft, Google, etc.) as of early 2023 [chunk_id=7d21e479ed47024a21cd::c0000].  
- A later Reuters report notes that **AWS is considering adding AMD’s new AI‑specific chips** to its portfolio, indicating a potential expansion or upgrade of the existing AMD partnership rather than a replacement or conflict [chunk_id=ec3ce18d568e33867724::c0000].  

Thus, the graph’s claim that AMD powers cloud services remains true, and the Reuters article simply reports AWS’s interest in newer AMD AI chips that could further strengthen that relationship.","[chunk_id=ec3ce18d568e33867724::c0000 | date=2023-06-14 | score=0.641]
Exclusive: Amazon's cloud unit is considering AMD's new AI chips. Amazon Web Services the world''s largest cloud computing provider is considering using new artificial intelligence chips from Advanced Micro Devices Inc though it has not made a final decision an AWS executive told Reuters.

[chunk_id=73f6d5535f26475909a8::c0000 | date=2023-09-19 | score=0.474]
Intel: Our 3D V-Cache Tech Will Take a Different Approach Than AMD. The company plans to use the chip-stacking tech for Intel processors and offer it to third-party customers contracting with Intel's foundry business.

[chunk_id=1d1a000f3ee1a8799477::c0000 | date=2023-07-20 | score=0.466]
Top 11 AI as a Service Companies 2023. Contact the IBM sales team to get the actual rate for your selected AI service. Amazon Web Services (AWS) is a leading provider of cloud computing and AI services. The company offers various AI ...

[chunk_id=ba8003d74979076504a3::c0000 | date=2023-06-05 | score=0.451]
Freed from the corporate data center cloud-based GPUs come of age. The time has come for running graphic processing unit chips in the cloud. Virtual machines running GPUs are increasingly being offered by the cloud platforms including Amazon Web Services Inc.’s EC2 P4d

[chunk_id=7d21e479ed47024a21cd::c0000 | date=2023-06-01 | score=0.450]
3 Best Cloud Stocks to Buy in June. Microsoft''s market share in cloud computing puts it second with the potential to surpass the competition. AMD is powering multiple cloud services through its chips. Alphabet shares are a bargain compared to those of other cloud companies. These companies ...

[chunk_id=c84c621aab489be45c42::c0000 | date=2023-06-23 | score=0.414]
Amazon is spending $100 million to teach cloud customers about AI. Amazon.com's cloud unit is building a program to help customers develop and deploy new kinds of artificial intelligence products as the biggest seller of cloud services tries to match Microsoft and Google in the market for so-called generative AI.","=== GRAPH ===
AMD [Company] -DEVELOPED-> chips [Technology] | date=2023-06-01 | chunk=7d21e479ed47024a21cd::c0000 | evidence=""AMD is powering multiple cloud services through its chips""

=== VECTOR ===
[chunk_id=ec3ce18d568e33867724::c0000 | date=2023-06-14 | score=0.641]
Exclusive: Amazon's cloud unit is considering AMD's new AI chips. Amazon Web Services the world''s largest cloud computing provider is considering using new artificial intelligence chips from Advanced Micro Devices Inc though it has not made a final decision an AWS executive told Reuters.

[chunk_id=73f6d5535f26475909a8::c0000 | date=2023-09-19 | score=0.474]
Intel: Our 3D V-Cache Tech Will Take a Different Approach Than AMD. The company plans to use the chip-stacking tech for Intel processors and offer it to third-party customers contracting with Intel's foundry business.

[chunk_id=1d1a000f3ee1a8799477::c0000 | date=2023-07-20 | score=0.466]
Top 11 AI as a Service Companies 2023. Contact the IBM sales team to get the actual rate for your selected AI service. Amazon Web Services (AWS) is a leading provider of cloud computing and AI services. The company offers various AI ...

[chunk_id=ba8003d74979076504a3::c0000 | date=2023-06-05 | score=0.451]
Freed from the corporate data center cloud-based GPUs come of age. The time has come for running graphic processing unit chips in the cloud. Virtual machines running GPUs are increasingly being offered by the cloud platforms including Amazon Web Services Inc.’s EC2 P4d

[chunk_id=7d21e479ed47024a21cd::c0000 | date=2023-06-01 | score=0.450]
3 Best Cloud Stocks to Buy in June. Microsoft''s market share in cloud computing puts it second with the potential to surpass the competition. AMD is powering multiple cloud services through its chips. Alphabet shares are a bargain compared to those of other cloud companies. These companies ...

[chunk_id=c84c621aab489be45c42::c0000 | date=2023-06-23 | score=0.414]
Amazon is spending $100 million to teach cloud customers about AI. Amazon.com's cloud unit is building a program to help customers develop and deploy new kinds of artificial intelligence products as the biggest seller of cloud services tries to match Microsoft and Google in the market for so-called generative AI.",6.053319400001783,7.076232800027356,907,935,0
first5000-title-v2-openrouter-free,G5000-28,multi-hop,"Which model providers are connected to Google Cloud Next '23 in the selected data, and which models are associated with each provider?","Meta is connected via Llama 2 and Code Llama; the Technology Innovation Institute is connected via Falcon LLM; Anthropic is connected via Claude 2, which Google Cloud pre-announced.","**Model providers connected to Google Cloud Next '23 (per the supplied data)**  

| Provider | Models announced/associated |
|----------|-----------------------------|
| **Meta** | *Llama 2* and *Code Llama* (open‑source LLMs) |
| **Technology Innovative Institute** | *Falcon LLM* (popular open‑source model) |
| **Anthropic** | *Claude 2* (pre‑announced) |

These associations are drawn from the context in chunk [d6614d10117d6d80778e]【chunk_id=d6614d10117d6d80778e】.","The Google Cloud Next '23 announcement lists four model providers and the models they supply:

| Model provider | Models announced |
|----------------|------------------|
| **Meta** | Llama 2, Code Llama |
| **Technology Innovative Institute** | Falcon |
| **Anthropic** | Claude 2 |

These associations are derived from the graph edges and the supporting text in chunk `d6614d10117d6d80778e::c0000`【chunk_id=d6614d10117d6d80778e::c0000】.","[chunk_id=d6614d10117d6d80778e::c0000 | date=2023-08-29 | score=0.559]
Google Cloud Kicks Off Next '23 with a New Way to Cloud. New models: Google Cloud is announcing availability of Llama 2 and Code Llama from Meta and Technology Innovative Institute''s Falcon LLM a popular open-source model as well as pre-announcing Claude 2 from Anthropic. Google Cloud will be the only cloud provider offering both adapter tuning and RLHF for Llama 2.

[chunk_id=8bcc84ff506959b7da06::c0000 | date=2023-09-02 | score=0.434]
Google’s Cloud Next tech conference is leaving San Francisco. San Francisco is losing another one of its flagship tech conferences. Google Cloud Next the company’s cloud computing conference that draws thousands of attendees to the Moscone Center annually will be held in Las Vegas next year.

[chunk_id=35b8b8fc4ca0cc482176::c0000 | date=2023-05-20 | score=0.431]
Google Cloud Launches AI-Powered Multiomics Suite Taps Dallas-Based Colossal and Form Bio To Help Accelerate Life Science Research. “Form Bio has a team of industry experts and is built on Google Cloud’s advanced high performance computing data analytics and AI technology putting us ahead of the curve.” “With Google Cloud’s powerful platform Form Bio is positioned to ...

[chunk_id=df5e79373386331a23b2::c0000 | date=2023-09-06 | score=0.429]
G Suite Technology Services Market Research Report 2023-2030 | 117 Pages Report. Moreover Consumer behavior analysis and market dynamics (drivers restraints opportunities) provides crucial information for knowing the G Suite Technology Services market. Get a Sample Copy of ...

[chunk_id=7f52da2ccc5c6e29853c::c0000 | date=2023-03-29 | score=0.421]
Virtana Research Survey Examines Multicloud Trends Challenges. Cloud complexity grows as 83% of IT leaders use more than one cloud service provider; 44% use more than three.

[chunk_id=1365b6a2af315f82638e::c0000 | date=2022-12-19 | score=0.413]
TD SYNNEX Expands Google Cloud Offering in Nearly 60 Countries. TD SYNNEX (NYSE: SNX) announced today its expansion to Google Cloud in nearly 60 additional countries throughout Latin America Europe and Asia.","=== GRAPH ===
Google Cloud [Company] -USES-> Llama 2 [Technology] | date=2023-08-29 | chunk=d6614d10117d6d80778e::c0000 | evidence=Google Cloud is announcing availability of Llama 2
Google Cloud [Company] -USES-> Code Llama [Technology] | date=2023-08-29 | chunk=d6614d10117d6d80778e::c0000 | evidence=availability of Code Llama from Meta
Google Cloud [Company] -USES-> Falcon [Technology] | date=2023-08-29 | chunk=d6614d10117d6d80778e::c0000 | evidence=Technology Innovative Institute's Falcon LLM
Google Cloud [Company] -USES-> Claude 2 [Technology] | date=2023-08-29 | chunk=d6614d10117d6d80778e::c0000 | evidence=pre-announcing Claude 2 from Anthropic

=== VECTOR ===
[chunk_id=d6614d10117d6d80778e::c0000 | date=2023-08-29 | score=0.559]
Google Cloud Kicks Off Next '23 with a New Way to Cloud. New models: Google Cloud is announcing availability of Llama 2 and Code Llama from Meta and Technology Innovative Institute''s Falcon LLM a popular open-source model as well as pre-announcing Claude 2 from Anthropic. Google Cloud will be the only cloud provider offering both adapter tuning and RLHF for Llama 2.

[chunk_id=8bcc84ff506959b7da06::c0000 | date=2023-09-02 | score=0.434]
Google’s Cloud Next tech conference is leaving San Francisco. San Francisco is losing another one of its flagship tech conferences. Google Cloud Next the company’s cloud computing conference that draws thousands of attendees to the Moscone Center annually will be held in Las Vegas next year.

[chunk_id=35b8b8fc4ca0cc482176::c0000 | date=2023-05-20 | score=0.431]
Google Cloud Launches AI-Powered Multiomics Suite Taps Dallas-Based Colossal and Form Bio To Help Accelerate Life Science Research. “Form Bio has a team of industry experts and is built on Google Cloud’s advanced high performance computing data analytics and AI technology putting us ahead of the curve.” “With Google Cloud’s powerful platform Form Bio is positioned to ...

[chunk_id=df5e79373386331a23b2::c0000 | date=2023-09-06 | score=0.429]
G Suite Technology Services Market Research Report 2023-2030 | 117 Pages Report. Moreover Consumer behavior analysis and market dynamics (drivers restraints opportunities) provides crucial information for knowing the G Suite Technology Services market. Get a Sample Copy of ...

[chunk_id=7f52da2ccc5c6e29853c::c0000 | date=2023-03-29 | score=0.421]
Virtana Research Survey Examines Multicloud Trends Challenges. Cloud complexity grows as 83% of IT leaders use more than one cloud service provider; 44% use more than three.

[chunk_id=1365b6a2af315f82638e::c0000 | date=2022-12-19 | score=0.413]
TD SYNNEX Expands Google Cloud Offering in Nearly 60 Countries. TD SYNNEX (NYSE: SNX) announced today its expansion to Google Cloud in nearly 60 additional countries throughout Latin America Europe and Asia.",6.310877999989316,9.80324219999602,900,1079,0
first5000-title-v2-openrouter-free,G5000-29,cross-doc,How did participation in White House AI commitments broaden from July to September 2023 according to the selected reports?,"The July report names seven companies including Google, Meta, and OpenAI as making voluntary AI commitments. The September report says IBM, Adobe, Salesforce, and five more companies made similar safety, security, and transparency commitments, explicitly noting similarity to the July pledges by OpenAI and others.","In July 2023 the White House announced that **seven** major tech firms—Google, Meta, OpenAI, and others—had voluntarily signed AI‑management commitments. By September 2023, the number of companies that had joined the pledge had grown, with **IBM, Adobe, Salesforce, and five additional firms** also signing on, bringing the total to **at least 12** participants. This expansion shows a broadening of the White House AI commitments from a handful of firms to a larger group of industry leaders [chunk_id=34a3ead45e1aca83fa4a] [chunk_id=58db98954545778fead9].","In July 2023 the White House announced that **seven major technology firms**—including Google, Meta, and OpenAI—had voluntarily signed on to a set of AI‑management commitments. By September 2023 that number had grown: the White House reported that **additional companies such as IBM, Adobe, Salesforce and five other firms** had joined the pledge, expanding the group beyond the original seven [chunk_id=34a3ead45e1aca83fa4a::c0000][chunk_id=58db98954545778fead9::c0000][chunk_id=a8de2d35d18ab4da25bd::c0000]. Thus participation broadened from seven to at least twelve (the original seven plus the new IBM, Adobe, Salesforce and five others) between July and September 2023.","[chunk_id=34a3ead45e1aca83fa4a::c0000 | date=2023-07-21 | score=0.548]
The White House and big tech companies release commitments on managing AI. Seven tech companies including Google Meta and OpenAI have voluntarily made commitments on developing and managing artificial intelligence. But there isn''t much accountability in the process.

[chunk_id=58db98954545778fead9::c0000 | date=2023-09-12 | score=0.524]
More tech companies take White House AI safety pledge. IBM Adobe Salesforce and five more tech companies are making voluntary safety security and transparency commitments to the White House related to their use of artificial intelligence. Why it matters: The pledges are similar to those made in July by OpenAI

[chunk_id=a8de2d35d18ab4da25bd::c0000 | date=2023-09-12 | score=0.510]
These tech giants are at the White House today to talk about the risks of AI. The commitments include: internal and external security testing of AI systems before their release sharing information about known risks inside and outside the industry allowing the public to report problems they find with AI systems disclosing when ...

[chunk_id=ec8a88bd667a9eddca45::c0000 | date=2023-06-14 | score=0.476]
New White House campaign promotes access to more affordable Internet service. RELATED After Ron DeSantis technical debacle on Twitter lead engineer quits The White House said it scored commitments from Internet service providers ... Beyond amid the company''s bankruptcy ...

[chunk_id=e9e5360aa4f69695b491::c0000 | date=2023-03-01 | score=0.444]
AI Summit 2023: ‘Putting Pakistan on the map for artificial intelligence’. The AI Summit 2023 organized on February 25 by 10Pearls and now in its third iteration aimed to highlight all the work being done in the country in relation to artificial intelligence (AI) a technology that has garnered renewed interest thanks to smart bots like ChatGPT.

[chunk_id=c3abd66a20fd72dc538f::c0000 | date=2023-01-04 | score=0.441]
In the new year AI will reshape the technology industry and its relationship with the masses. The year AI that is artificial intelligence went from the guarded walls of big technology ... real-time information that is easy to consume. As with all rapidly changing fields there is a lot of uncertainty. AI will impact products services and ...","=== GRAPH ===
Associated Press [Company] -PARTNERED_WITH-> OpenAI [Company] | date=2023-09-21 | chunk=1906ed4e6e32c255c7af::c0000 | evidence=AP Open AI agree to share select news content and technology in new collaboration
Microsoft [Company] -DEVELOPED-> Microsoft Copilot for Windows [Technology] | date=2023-09-21 | chunk=3a5ed6555cadb4149f58::c0000 | evidence=Microsoft Copilot for Windows launches September 26th and unifies several formerly separate Copilot assistants
Deloitte [Company] -PARTNERED_WITH-> ServiceNow [Company] | date=2023-09-21 | chunk=1906ed4e6e32c255c7af::c0000 | evidence=Deloitte and ServiceNow Expand Alliance to Integrate Now Assist Generative AI Capabilities With Next-Generation Managed Services
ServiceNow [Company] -PARTNERED_WITH-> NVIDIA [Company] | date=2023-07-27 | chunk=a5a8b0ece135c638d4f0::c0000 | evidence=ServiceNow NVIDIA and Accenture Partner to Accelerate Generative AI Adoption for Enterprises
ServiceNow [Company] -PARTNERED_WITH-> Accenture [Company] | date=2023-07-27 | chunk=a5a8b0ece135c638d4f0::c0000 | evidence=ServiceNow NVIDIA and Accenture Partner to Accelerate Generative AI Adoption for Enterprises
ServiceNow [Company] -DEVELOPED-> Generative AI Features [Technology] | date=2023-07-26 | chunk=888196b6e1e07e67c3ae::c0000 | evidence=ServiceNow Expands Generative AI Capabilities With Case Summarization and Text-to-Code to Drive Speed Productivity and Value.
KPMG [Company] -INVESTED_IN-> Microsoft [Company] | date=2023-07-11 | chunk=35f9e232b3c44ebab014::c0000 | evidence=KPMG said on Tuesday it will spend $2 billion on artificial intelligence and cloud services through an expanded partnership with Microsoft
OpenAI [Company] -DEVELOPED-> AI models [Technology] | date=2023-06-20 | chunk=264d1b9d346656ddf765::c0000 | evidence=OpenAI plans app store for AI software ... marketplace that will allow developers to sell their AI models built on top of its own AI technology
Microsoft [Company] -DEVELOPED-> AI tools [Technology] | date=2023-06-20 | chunk=264d1b9d346656ddf765::c0000 | evidence=Microsoft is infusing artificial intelligence tools into its Office software including Word Excel and Outlook emails. The company said Thursday the new feature named Copilot is a processing engine that will allow users to do things like summarize long emails
ServiceNow [Company] -DEVELOPED-> Now Assist for Virtual Agent [Technology] | date=2023-06-13 | chunk=5d479b59c6d424d4a679::c0000 | evidence=ServiceNow extends its AI capabilities with Now Assist for Virtual Agent
ServiceNow [Company] -DEVELOPED-> ServiceNow Generative AI Controller [Technology] | date=2023-06-13 | chunk=5d479b59c6d424d4a679::c0000 | evidence=Now Assist for Virtual Agent is powered by ServiceNow Generative AI Controller
Microsoft [Company] -DEVELOPED-> Azure OpenAI Service [Technology] | date=2023-06-09 | chunk=0f5fa36a88eaffbb32a0::c0000 | evidence=Microsoft unveils OpenAI service for government customers. The company unveiled its new Azure OpenAI Service for federal agencies
ServiceNow [Company] -PARTNERED_WITH-> NVIDIA [Company] | date=2023-05-17 | chunk=531b5c0beb405c822e6c::c0000 | evidence=ServiceNow and NVIDIA Announce Partnership to Build Generative AI Across Enterprise IT
Options Technology [Company] -PARTNERED_WITH-> Microsoft [Company] | date=2023-05-10 | chunk=a2fe2cc636f39a18f032::c0000 | evidence=Options Technology the leading provider of cloud-enabled managed services to the global capital markets today announced its achievement of Microsoft Solutions Partner designation for Infrastructure.
Microsoft [Company] -DEVELOPED-> cloud data processing hub [Technology] | date=2023-04-26 | chunk=faa5aa220169e034c02b::c0000 | evidence=""Microsoft opens top cloud data processing hub in Poland""
OpenAI [Company] -DEVELOPED-> ChatGPT plug-ins [Technology] | date=2023-03-24 | chunk=d3aec9a183518a21016a::c0000 | evidence=OpenAI's ChatGPT gets support for a dozen application plug-ins. The plug-ins will enable companies to offer the AI-based natural language processor

=== VECTOR ===
[chunk_id=34a3ead45e1aca83fa4a::c0000 | date=2023-07-21 | score=0.548]
The White House and big tech companies release commitments on managing AI. Seven tech companies including Google Meta and OpenAI have voluntarily made commitments on developing and managing artificial intelligence. But there isn''t much accountability in the process.

[chunk_id=58db98954545778fead9::c0000 | date=2023-09-12 | score=0.524]
More tech companies take White House AI safety pledge. IBM Adobe Salesforce and five more tech companies are making voluntary safety security and transparency commitments to the White House related to their use of artificial intelligence. Why it matters: The pledges are similar to those made in July by OpenAI

[chunk_id=a8de2d35d18ab4da25bd::c0000 | date=2023-09-12 | score=0.510]
These tech giants are at the White House today to talk about the risks of AI. The commitments include: internal and external security testing of AI systems before their release sharing information about known risks inside and outside the industry allowing the public to report problems they find with AI systems disclosing when ...

[chunk_id=ec8a88bd667a9eddca45::c0000 | date=2023-06-14 | score=0.476]
New White House campaign promotes access to more affordable Internet service. RELATED After Ron DeSantis technical debacle on Twitter lead engineer quits The White House said it scored commitments from Internet service providers ... Beyond amid the company''s bankruptcy ...

[chunk_id=e9e5360aa4f69695b491::c0000 | date=2023-03-01 | score=0.444]
AI Summit 2023: ‘Putting Pakistan on the map for artificial intelligence’. The AI Summit 2023 organized on February 25 by 10Pearls and now in its third iteration aimed to highlight all the work being done in the country in relation to artificial intelligence (AI) a technology that has garnered renewed interest thanks to smart bots like ChatGPT.

[chunk_id=c3abd66a20fd72dc538f::c0000 | date=2023-01-04 | score=0.441]
In the new year AI will reshape the technology industry and its relationship with the masses. The year AI that is artificial intelligence went from the guarded walls of big technology ... real-time information that is easy to consume. As with all rapidly changing fields there is a lot of uncertainty. AI will impact products services and ...",5.232800700003281,16.60628160001943,876,2034,0
first5000-title-v2-openrouter-free,G5000-30,multi-hop,"Meta appears in two different AI contexts in the selected data. What are they, and what distinct relation should the graph store in each case?","At Google Cloud Next, Meta is the provider/source of Llama 2 and Code Llama models made available on Google Cloud. Separately, Meta is one of the companies named in the July White House voluntary AI commitments. These are a model-provider/platform relation and a policy/safety-commitment relation, respectively.","Meta appears in two distinct AI‑related contexts in the supplied passages:

1. **Meta’s “Meta Verified” subscription service** – the company is offering a paid verification feature for Facebook and Instagram users, similar to Twitter’s blue‑badge model.  
   *Graph relation:* `Meta` **offers** `Meta Verified` (a subscription service).

2. **Meta’s participation in voluntary AI‑governance commitments** – the White House and several tech firms, including Meta, have publicly committed to responsible AI development and management.  
   *Graph relation:* `Meta` **commits to** `AI governance` (or `AI responsibility commitments`).","Meta appears twice in the data in contexts that involve artificial‑intelligence‑related activity:

| # | Context in the data | What Meta is doing | Relation that the graph should record |
|---|---------------------|--------------------|--------------------------------------|
| 1 | **Meta launches subscription service in the U.S.** (chunks 217fba9d2ebf23c0d41a, 250939bab78cf84668d6) | Meta is offering a paid “Meta Verified” service that lets Facebook and Instagram users pay for a blue‑badge verification, a feature that is often compared to Twitter’s paid verification. | **offers‑subscription‑service** (Meta → Meta Verified) |
| 2 | **The White House and big‑tech companies release commitments on managing AI** (chunk 34a3ead45e1aca83fa4a) | Meta is one of the seven tech firms that voluntarily made public commitments about developing and managing artificial‑intelligence systems. | **commits‑to‑AI‑development** (Meta → AI‑commitments) |

Thus, the graph should store a *subscription‑service* relation","[chunk_id=217fba9d2ebf23c0d41a::c0000 | date=2023-03-17 | score=0.358]
Meta launches subscription service in US. March 17 (Reuters) - Meta Platforms Inc (META.O) on Friday launched its subscription service in the U.S. which would allow Facebook and Instagram users pay for verification in the same vein as ...

[chunk_id=250939bab78cf84668d6::c0000 | date=2023-03-17 | score=0.354]
Meta launches subscription service in US. Meta Platforms Inc on Friday launched its subscription service in the U.S. which would allow Facebook and Instagram users pay for verification in the same vein as Elon Musk-owned Twitter. The Meta Verified service will give users a blue badge after they ...

[chunk_id=d0205e9e38f0eceba041::c0000 | date=2023-10-03 | score=0.325]
Bard AI gets smarter: Interacts with Google services to deliver personalised experiences. Google on Tuesday added newer capabilities to its generative AI service Bard. The large language model can ... an issue that causes generative AI tools to produce false facts and information. Bard AI’s results are now backed by Google search results ...

[chunk_id=798796b9653b29b661c0::c0000 | date=2023-05-24 | score=0.323]
EU court rejects Meta challenge to antitrust information requests. BRUSSELS May 24 (Reuters) - Meta Platforms suffered a setback on Wednesday as Europe''s second-top court ruled as legitimate the EU antitrust watchdog''s requests for information related to its ...

[chunk_id=34a3ead45e1aca83fa4a::c0000 | date=2023-07-21 | score=0.320]
The White House and big tech companies release commitments on managing AI. Seven tech companies including Google Meta and OpenAI have voluntarily made commitments on developing and managing artificial intelligence. But there isn''t much accountability in the process.

[chunk_id=5c5f62ec5daf0177409a::c0000 | date=2023-05-22 | score=0.318]
Facebook owner Meta fined €1.2bn for mishandling user information. Penalty from Ireland’s privacy regulator is a record for breach of EU data protection regulation Facebook’s owner Meta has been fined a record €1.2bn (£1bn) and ordered to suspend the ...","=== GRAPH ===


=== VECTOR ===
[chunk_id=217fba9d2ebf23c0d41a::c0000 | date=2023-03-17 | score=0.358]
Meta launches subscription service in US. March 17 (Reuters) - Meta Platforms Inc (META.O) on Friday launched its subscription service in the U.S. which would allow Facebook and Instagram users pay for verification in the same vein as ...

[chunk_id=250939bab78cf84668d6::c0000 | date=2023-03-17 | score=0.354]
Meta launches subscription service in US. Meta Platforms Inc on Friday launched its subscription service in the U.S. which would allow Facebook and Instagram users pay for verification in the same vein as Elon Musk-owned Twitter. The Meta Verified service will give users a blue badge after they ...

[chunk_id=d0205e9e38f0eceba041::c0000 | date=2023-10-03 | score=0.325]
Bard AI gets smarter: Interacts with Google services to deliver personalised experiences. Google on Tuesday added newer capabilities to its generative AI service Bard. The large language model can ... an issue that causes generative AI tools to produce false facts and information. Bard AI’s results are now backed by Google search results ...

[chunk_id=798796b9653b29b661c0::c0000 | date=2023-05-24 | score=0.323]
EU court rejects Meta challenge to antitrust information requests. BRUSSELS May 24 (Reuters) - Meta Platforms suffered a setback on Wednesday as Europe''s second-top court ruled as legitimate the EU antitrust watchdog''s requests for information related to its ...

[chunk_id=34a3ead45e1aca83fa4a::c0000 | date=2023-07-21 | score=0.320]
The White House and big tech companies release commitments on managing AI. Seven tech companies including Google Meta and OpenAI have voluntarily made commitments on developing and managing artificial intelligence. But there isn''t much accountability in the process.

[chunk_id=5c5f62ec5daf0177409a::c0000 | date=2023-05-22 | score=0.318]
Facebook owner Meta fined €1.2bn for mishandling user information. Penalty from Ireland’s privacy regulator is a record for breach of EU data protection regulation Facebook’s owner Meta has been fined a record €1.2bn (£1bn) and ordered to suspend the ...",6.80299549998017,7.939859799982514,907,1038,0
first5000-title-v2-openrouter-free,G5000-31,multi-hop,"Order OpenAI's ecosystem moves from March through July 2023 using the selected sources: plug-ins, open-source model planning, marketplace planning, and AP collaboration.",March: ChatGPT gained support for about a dozen application plug-ins. May: OpenAI was reported to be preparing a new open-source language model. June: OpenAI was reported to plan an app-store/marketplace for developers to sell AI models built on its technology. July: AP and OpenAI announced a collaboration to share select news content and technology for generative-AI use cases.,"**OpenAI ecosystem moves (March – July 2023)**  

| Month | Move | Source |
|-------|------|--------|
| **May 2023** | Planned release of a new open‑source language model | [chunk_id=9327e9c95eaa66cb4b94] |
| **June 2023** | Announcement of updates to the API, including improved function‑calling capabilities | [chunk_id=eb4b5c00ae89793fab09] |
| **June 2023** | Plans to launch a marketplace (app store) for AI software | [chunk_id=264d1b9d346656ddf765] |
| **July 2023** | Agreement with the Associated Press to share select news content and technology for generative‑AI use cases | [chunk_id=67f61078101e32548302] |

*No publicly reported plug‑in or open‑source model planning activity was noted for March or April 2023.*","**OpenAI ecosystem milestones (March – July 2023)**  

| Month | Event | Source |
|-------|-------|--------|
| **March 2023** | OpenAI announced support for ChatGPT plug‑ins, enabling companies to add application plug‑ins to the AI‑based natural language processor. | [chunk_id=d3aec9a183518a21016a::c0000] |
| **May 2023** | OpenAI began planning to release a new open‑source language model to the public. | [chunk_id=9327e9c95eaa66cb4b94::c0000] |
| **June 2023** | OpenAI revealed plans for an app‑store‑style marketplace where developers could sell AI models built on its technology. | [chunk_id=264d1b9d346656ddf765::c0000] |
| **July 2023** | OpenAI and the Associated Press agreed to share select news content and technology, exploring generative‑AI use cases for news products. | [chunk_id=67f61078101e32548302::c0000] |

These entries chronologically trace OpenAI’s moves in plug‑ins, open‑source model planning, marketplace planning, and AP collaboration from March through July 2023.","[chunk_id=264d1b9d346656ddf765::c0000 | date=2023-06-20 | score=0.646]
OpenAI plans app store for AI software The Information reports. plans to launch a marketplace that will allow developers to sell their AI models built on top of its own AI technology news site the Information reported on Tuesday citing people with knowledge ...

[chunk_id=9327e9c95eaa66cb4b94::c0000 | date=2023-05-15 | score=0.631]
OpenAI readies new open-source AI model The Information reports. May 15 (Reuters) - OpenAI is preparing to release a new open-source language model to the public The Information reported on Monday citing a person with knowledge of the plan. OpenAI''s ChatGPT ...

[chunk_id=0f5fa36a88eaffbb32a0::c0000 | date=2023-06-09 | score=0.535]
Microsoft unveils OpenAI service for government customers. The company unveiled its new Azure OpenAI Service for federal agencies ... for government cloud operations” Bill Chappell chief technology officer for Strategic Missions and Technologies ...

[chunk_id=eb4b5c00ae89793fab09::c0000 | date=2023-06-15 | score=0.530]
OpenAI announces updates to API including improved function calling capabilities. As OpenAI has gained more popularity than ever thanks to the launch of ChatGPT last fall its application programming interface (API) has also become a sought-after tool for developers. Different companies have found inspiration in OpenAI''s success and want to replicate it leading to developers using its APIs to build more and more tools.

[chunk_id=67f61078101e32548302::c0000 | date=2023-07-13 | score=0.521]
AP Open AI agree to share select news content and technology in new collaboration. The Associated Press and OpenAI have reached an agreement to share access to select news content and technology as they examine potential use cases for generative AI in news products and services. The arrangement sees OpenAI licensing part of AP’s text ...

[chunk_id=d663883f25b3a5ababd2::c0000 | date=2022-12-06 | score=0.495]
The internet loves ChatGPT but there’s a dark side to the tech. Amid the usual doom and gloom that surrounds the internet these days ... was launched by the team at AI development company OpenAI on November 30; by December 5 more than one million users ...","=== GRAPH ===
Associated Press [Company] -PARTNERED_WITH-> OpenAI [Company] | date=2023-09-21 | chunk=1906ed4e6e32c255c7af::c0000 | evidence=AP Open AI agree to share select news content and technology in new collaboration
OpenAI [Company] -DEVELOPED-> AI models [Technology] | date=2023-06-20 | chunk=264d1b9d346656ddf765::c0000 | evidence=OpenAI plans app store for AI software ... marketplace that will allow developers to sell their AI models built on top of its own AI technology
OpenAI [Company] -DEVELOPED-> ChatGPT plug-ins [Technology] | date=2023-03-24 | chunk=d3aec9a183518a21016a::c0000 | evidence=OpenAI's ChatGPT gets support for a dozen application plug-ins. The plug-ins will enable companies to offer the AI-based natural language processor

=== VECTOR ===
[chunk_id=264d1b9d346656ddf765::c0000 | date=2023-06-20 | score=0.646]
OpenAI plans app store for AI software The Information reports. plans to launch a marketplace that will allow developers to sell their AI models built on top of its own AI technology news site the Information reported on Tuesday citing people with knowledge ...

[chunk_id=9327e9c95eaa66cb4b94::c0000 | date=2023-05-15 | score=0.631]
OpenAI readies new open-source AI model The Information reports. May 15 (Reuters) - OpenAI is preparing to release a new open-source language model to the public The Information reported on Monday citing a person with knowledge of the plan. OpenAI''s ChatGPT ...

[chunk_id=0f5fa36a88eaffbb32a0::c0000 | date=2023-06-09 | score=0.535]
Microsoft unveils OpenAI service for government customers. The company unveiled its new Azure OpenAI Service for federal agencies ... for government cloud operations” Bill Chappell chief technology officer for Strategic Missions and Technologies ...

[chunk_id=eb4b5c00ae89793fab09::c0000 | date=2023-06-15 | score=0.530]
OpenAI announces updates to API including improved function calling capabilities. As OpenAI has gained more popularity than ever thanks to the launch of ChatGPT last fall its application programming interface (API) has also become a sought-after tool for developers. Different companies have found inspiration in OpenAI''s success and want to replicate it leading to developers using its APIs to build more and more tools.

[chunk_id=67f61078101e32548302::c0000 | date=2023-07-13 | score=0.521]
AP Open AI agree to share select news content and technology in new collaboration. The Associated Press and OpenAI have reached an agreement to share access to select news content and technology as they examine potential use cases for generative AI in news products and services. The arrangement sees OpenAI licensing part of AP’s text ...

[chunk_id=d663883f25b3a5ababd2::c0000 | date=2022-12-06 | score=0.495]
The internet loves ChatGPT but there’s a dark side to the tech. Amid the usual doom and gloom that surrounds the internet these days ... was launched by the team at AI development company OpenAI on November 30; by December 5 more than one million users ...",7.824893500015605,9.184190800006036,1021,1245,0
first5000-title-v2-openrouter-free,G5000-32,cross-doc,What is the difference between OpenAI's March plug-in development and its June reported app-store plan?,The March story describes ChatGPT gaining support for application plug-ins so companies can expose product functionality to the assistant. The June story describes a planned marketplace where developers could sell AI models built on OpenAI technology. One is runtime integration support; the other is a proposed commercial distribution marketplace.,"I’m sorry, but the supplied context does not contain any information about OpenAI’s plug‑in development activities in March, so I can’t compare that to the June app‑store plan.","OpenAI’s March 2023 announcement was about adding **ChatGPT plug‑ins**—a feature that lets third‑party companies embed their own services directly into the ChatGPT interface, enabling the AI to call external APIs and perform specific tasks for users [chunk_id=d3aec9a183518a21016a::c0000].  

In contrast, the June 2023 report described a **planned app‑store marketplace** for AI software, where developers could sell AI models built on OpenAI’s technology to other developers or end‑users [chunk_id=264d1b9d346656ddf765::c0000].  

Thus, the March update focused on extending ChatGPT’s capabilities through plug‑ins, while the June plan outlined a broader commercial platform for distributing AI models.","[chunk_id=264d1b9d346656ddf765::c0000 | date=2023-06-20 | score=0.625]
OpenAI plans app store for AI software The Information reports. plans to launch a marketplace that will allow developers to sell their AI models built on top of its own AI technology news site the Information reported on Tuesday citing people with knowledge ...

[chunk_id=eb4b5c00ae89793fab09::c0000 | date=2023-06-15 | score=0.515]
OpenAI announces updates to API including improved function calling capabilities. As OpenAI has gained more popularity than ever thanks to the launch of ChatGPT last fall its application programming interface (API) has also become a sought-after tool for developers. Different companies have found inspiration in OpenAI''s success and want to replicate it leading to developers using its APIs to build more and more tools.

[chunk_id=e23e9ee381e4f801780a::c0000 | date=2023-06-14 | score=0.475]
OpenAI rolls out new features while also reducing pricing. OpenAI the creators of the immensely popular AI-powered chatbot ChatGPT have announced a slew of new text features and a price reduction.

[chunk_id=0f5fa36a88eaffbb32a0::c0000 | date=2023-06-09 | score=0.473]
Microsoft unveils OpenAI service for government customers. The company unveiled its new Azure OpenAI Service for federal agencies ... for government cloud operations” Bill Chappell chief technology officer for Strategic Missions and Technologies ...

[chunk_id=9327e9c95eaa66cb4b94::c0000 | date=2023-05-15 | score=0.462]
OpenAI readies new open-source AI model The Information reports. May 15 (Reuters) - OpenAI is preparing to release a new open-source language model to the public The Information reported on Monday citing a person with knowledge of the plan. OpenAI''s ChatGPT ...

[chunk_id=dfd13d2cebb7479038f6::c0000 | date=2023-06-14 | score=0.439]
ChatGPT Owner OpenAI Announces API Updates and Price Reduction. OpenAI has introduced updates to the API GPT-3.5 Turbo and GPT-4 models as well as a significant cost reduction.","=== GRAPH ===
Associated Press [Company] -PARTNERED_WITH-> OpenAI [Company] | date=2023-09-21 | chunk=1906ed4e6e32c255c7af::c0000 | evidence=AP Open AI agree to share select news content and technology in new collaboration
OpenAI [Company] -DEVELOPED-> AI models [Technology] | date=2023-06-20 | chunk=264d1b9d346656ddf765::c0000 | evidence=OpenAI plans app store for AI software ... marketplace that will allow developers to sell their AI models built on top of its own AI technology
OpenAI [Company] -DEVELOPED-> ChatGPT plug-ins [Technology] | date=2023-03-24 | chunk=d3aec9a183518a21016a::c0000 | evidence=OpenAI's ChatGPT gets support for a dozen application plug-ins. The plug-ins will enable companies to offer the AI-based natural language processor

=== VECTOR ===
[chunk_id=264d1b9d346656ddf765::c0000 | date=2023-06-20 | score=0.625]
OpenAI plans app store for AI software The Information reports. plans to launch a marketplace that will allow developers to sell their AI models built on top of its own AI technology news site the Information reported on Tuesday citing people with knowledge ...

[chunk_id=eb4b5c00ae89793fab09::c0000 | date=2023-06-15 | score=0.515]
OpenAI announces updates to API including improved function calling capabilities. As OpenAI has gained more popularity than ever thanks to the launch of ChatGPT last fall its application programming interface (API) has also become a sought-after tool for developers. Different companies have found inspiration in OpenAI''s success and want to replicate it leading to developers using its APIs to build more and more tools.

[chunk_id=e23e9ee381e4f801780a::c0000 | date=2023-06-14 | score=0.475]
OpenAI rolls out new features while also reducing pricing. OpenAI the creators of the immensely popular AI-powered chatbot ChatGPT have announced a slew of new text features and a price reduction.

[chunk_id=0f5fa36a88eaffbb32a0::c0000 | date=2023-06-09 | score=0.473]
Microsoft unveils OpenAI service for government customers. The company unveiled its new Azure OpenAI Service for federal agencies ... for government cloud operations” Bill Chappell chief technology officer for Strategic Missions and Technologies ...

[chunk_id=9327e9c95eaa66cb4b94::c0000 | date=2023-05-15 | score=0.462]
OpenAI readies new open-source AI model The Information reports. May 15 (Reuters) - OpenAI is preparing to release a new open-source language model to the public The Information reported on Monday citing a person with knowledge of the plan. OpenAI''s ChatGPT ...

[chunk_id=dfd13d2cebb7479038f6::c0000 | date=2023-06-14 | score=0.439]
ChatGPT Owner OpenAI Announces API Updates and Price Reduction. OpenAI has introduced updates to the API GPT-3.5 Turbo and GPT-4 models as well as a significant cost reduction.",7.129781200026628,7.434938599995803,718,1060,0
first5000-title-v2-openrouter-free,G5000-33,cross-doc,"Which July OpenAI-related event is a content/technology collaboration, and which July event is a voluntary governance commitment?","The AP–OpenAI agreement is a collaboration to share access to select news content and technology for generative-AI use cases. Separately, OpenAI is named among companies making voluntary White House commitments on developing and managing AI.","The July event that is a **content/technology collaboration** is the agreement reached on July 13 between the Associated Press and OpenAI to share select news content and technology for generative‑AI use cases [chunk_id=67f61078101e32548302].  

The July event that is a **voluntary governance commitment** is not mentioned in the supplied context, so I cannot identify such an event from the provided information.","The July event that is a **content/technology collaboration** is the agreement between the Associated Press and OpenAI to share select news content and technology, announced on July 13 2023 [chunk_id=67f61078101e32548302::c0000].

There is no July event in the supplied context that is described as a **voluntary governance commitment**. The evidence does not mention any such commitment in July.","[chunk_id=9327e9c95eaa66cb4b94::c0000 | date=2023-05-15 | score=0.539]
OpenAI readies new open-source AI model The Information reports. May 15 (Reuters) - OpenAI is preparing to release a new open-source language model to the public The Information reported on Monday citing a person with knowledge of the plan. OpenAI''s ChatGPT ...

[chunk_id=67f61078101e32548302::c0000 | date=2023-07-13 | score=0.528]
AP Open AI agree to share select news content and technology in new collaboration. The Associated Press and OpenAI have reached an agreement to share access to select news content and technology as they examine potential use cases for generative AI in news products and services. The arrangement sees OpenAI licensing part of AP’s text ...

[chunk_id=0f5fa36a88eaffbb32a0::c0000 | date=2023-06-09 | score=0.507]
Microsoft unveils OpenAI service for government customers. The company unveiled its new Azure OpenAI Service for federal agencies ... for government cloud operations” Bill Chappell chief technology officer for Strategic Missions and Technologies ...

[chunk_id=264d1b9d346656ddf765::c0000 | date=2023-06-20 | score=0.465]
OpenAI plans app store for AI software The Information reports. plans to launch a marketplace that will allow developers to sell their AI models built on top of its own AI technology news site the Information reported on Tuesday citing people with knowledge ...

[chunk_id=fb6fd7af99511b1eb0a8::c0000 | date=2023-08-08 | score=0.450]
Oppenheimer & Co. Inc. Gathers Innovators for 26th Annual Technology Internet & Communications Conference. Virtual Event Brings Together Approximately 1000 Attendees for one-on-one Meetings with Management Teams of Leading Companies Sectors Include Analytics Cloud Collaboration & Work Automation Cybersecurity

[chunk_id=d663883f25b3a5ababd2::c0000 | date=2022-12-06 | score=0.435]
The internet loves ChatGPT but there’s a dark side to the tech. Amid the usual doom and gloom that surrounds the internet these days ... was launched by the team at AI development company OpenAI on November 30; by December 5 more than one million users ...","=== GRAPH ===
Associated Press [Company] -PARTNERED_WITH-> OpenAI [Company] | date=2023-09-21 | chunk=1906ed4e6e32c255c7af::c0000 | evidence=AP Open AI agree to share select news content and technology in new collaboration
OpenAI [Company] -DEVELOPED-> AI models [Technology] | date=2023-06-20 | chunk=264d1b9d346656ddf765::c0000 | evidence=OpenAI plans app store for AI software ... marketplace that will allow developers to sell their AI models built on top of its own AI technology
OpenAI [Company] -DEVELOPED-> ChatGPT plug-ins [Technology] | date=2023-03-24 | chunk=d3aec9a183518a21016a::c0000 | evidence=OpenAI's ChatGPT gets support for a dozen application plug-ins. The plug-ins will enable companies to offer the AI-based natural language processor

=== VECTOR ===
[chunk_id=9327e9c95eaa66cb4b94::c0000 | date=2023-05-15 | score=0.539]
OpenAI readies new open-source AI model The Information reports. May 15 (Reuters) - OpenAI is preparing to release a new open-source language model to the public The Information reported on Monday citing a person with knowledge of the plan. OpenAI''s ChatGPT ...

[chunk_id=67f61078101e32548302::c0000 | date=2023-07-13 | score=0.528]
AP Open AI agree to share select news content and technology in new collaboration. The Associated Press and OpenAI have reached an agreement to share access to select news content and technology as they examine potential use cases for generative AI in news products and services. The arrangement sees OpenAI licensing part of AP’s text ...

[chunk_id=0f5fa36a88eaffbb32a0::c0000 | date=2023-06-09 | score=0.507]
Microsoft unveils OpenAI service for government customers. The company unveiled its new Azure OpenAI Service for federal agencies ... for government cloud operations” Bill Chappell chief technology officer for Strategic Missions and Technologies ...

[chunk_id=264d1b9d346656ddf765::c0000 | date=2023-06-20 | score=0.465]
OpenAI plans app store for AI software The Information reports. plans to launch a marketplace that will allow developers to sell their AI models built on top of its own AI technology news site the Information reported on Tuesday citing people with knowledge ...

[chunk_id=fb6fd7af99511b1eb0a8::c0000 | date=2023-08-08 | score=0.450]
Oppenheimer & Co. Inc. Gathers Innovators for 26th Annual Technology Internet & Communications Conference. Virtual Event Brings Together Approximately 1000 Attendees for one-on-one Meetings with Management Teams of Leading Companies Sectors Include Analytics Cloud Collaboration & Work Automation Cybersecurity

[chunk_id=d663883f25b3a5ababd2::c0000 | date=2022-12-06 | score=0.435]
The internet loves ChatGPT but there’s a dark side to the tech. Amid the usual doom and gloom that surrounds the internet these days ... was launched by the team at AI development company OpenAI on November 30; by December 5 more than one million users ...",6.03360690001864,7.804845499980729,813,1023,0
first5000-title-v2-openrouter-free,G5000-34,multi-hop,Compare how Google Cloud and Amazon expanded their AI ecosystems in the selected data. Which third-party model/technology suppliers are named for each?,"Google Cloud announced models from Meta (Llama 2 and Code Llama), the Technology Innovation Institute (Falcon LLM), and pre-announced Anthropic's Claude 2. Amazon's July AI-service expansion named technology access from Cohere, alongside conversational customer-service tooling.","I’m sorry, but the supplied context does not contain any information about Google Cloud’s expansion of its AI ecosystem or the third‑party model/technology suppliers it has named. The excerpts provided focus solely on Amazon’s initiatives. Therefore, I cannot compare the two companies or list Google Cloud’s suppliers based on the given data.","**Google Cloud**  
- Expanded its AI ecosystem by adding several third‑party large‑language‑model (LLM) technologies to its platform.  
- **Suppliers named:** Meta (Llama 2 and Code Llama), Technology Innovative Institute (Falcon), Anthropic (Claude 2)【chunk=d6614d10117d6d80778e::c0000】.  

**Amazon (AWS)**  
- Expanded its AI ecosystem by launching new AI tools and programs, notably a conversational‑agent program that leverages a startup’s technology.  
- **Supplier named:** Cohere【chunk=6ec376fffd2c56fef630::c0000】.  

Thus, Google Cloud’s expansion involved multiple LLM suppliers (Meta, Technology Innovative Institute, Anthropic), while Amazon’s expansion highlighted a single third‑party supplier, Cohere.","[chunk_id=6ec376fffd2c56fef630::c0000 | date=2023-07-26 | score=0.706]
Exclusive: Amazon has drawn thousands to try its AI service competing with Microsoft Google. The company also announced new AI tools on Wednesday including a program for building more conversational customer-service agents technology access from the startup Cohere and a healthcare ...

[chunk_id=b432186d8fe246dc1fab::c0000 | date=2023-07-27 | score=0.675]
Amazon has drawn thousands to try its AI service competing with Microsoft Google. The company also announced new AI tools on Wednesday including a program for building more conversational customer-service agents technology access from the startup Cohere and a healthcare system for generating clinical notes after a patient visit.

[chunk_id=c84c621aab489be45c42::c0000 | date=2023-06-23 | score=0.674]
Amazon is spending $100 million to teach cloud customers about AI. Amazon.com's cloud unit is building a program to help customers develop and deploy new kinds of artificial intelligence products as the biggest seller of cloud services tries to match Microsoft and Google in the market for so-called generative AI.

[chunk_id=ec3ce18d568e33867724::c0000 | date=2023-06-14 | score=0.646]
Exclusive: Amazon's cloud unit is considering AMD's new AI chips. Amazon Web Services the world''s largest cloud computing provider is considering using new artificial intelligence chips from Advanced Micro Devices Inc though it has not made a final decision an AWS executive told Reuters.

[chunk_id=33e484d5c63c73a100c5::c0000 | date=2023-06-23 | score=0.624]
This Technology Holds the Key to Amazon's Future; It's Not Robots. Generative artificial intelligence is getting all of the hype but cloud computing is the technology that has ... Thanks to AWS’s low cost services startups have been able to grow rapidly ...

[chunk_id=1d1a000f3ee1a8799477::c0000 | date=2023-07-20 | score=0.622]
Top 11 AI as a Service Companies 2023. Contact the IBM sales team to get the actual rate for your selected AI service. Amazon Web Services (AWS) is a leading provider of cloud computing and AI services. The company offers various AI ...","=== GRAPH ===
Google Cloud [Company] -USES-> Llama 2 [Technology] | date=2023-08-29 | chunk=d6614d10117d6d80778e::c0000 | evidence=Google Cloud is announcing availability of Llama 2
Google Cloud [Company] -USES-> Code Llama [Technology] | date=2023-08-29 | chunk=d6614d10117d6d80778e::c0000 | evidence=availability of Code Llama from Meta
Google Cloud [Company] -USES-> Falcon [Technology] | date=2023-08-29 | chunk=d6614d10117d6d80778e::c0000 | evidence=Technology Innovative Institute's Falcon LLM
Google Cloud [Company] -USES-> Claude 2 [Technology] | date=2023-08-29 | chunk=d6614d10117d6d80778e::c0000 | evidence=pre-announcing Claude 2 from Anthropic
Amazon [Company] -USES-> Cohere [Company] | date=2023-07-26 | chunk=6ec376fffd2c56fef630::c0000 | evidence=Amazon announced new AI tools on Wednesday including a program for building more conversational customer-service agents technology access from the startup Cohere

=== VECTOR ===
[chunk_id=6ec376fffd2c56fef630::c0000 | date=2023-07-26 | score=0.706]
Exclusive: Amazon has drawn thousands to try its AI service competing with Microsoft Google. The company also announced new AI tools on Wednesday including a program for building more conversational customer-service agents technology access from the startup Cohere and a healthcare ...

[chunk_id=b432186d8fe246dc1fab::c0000 | date=2023-07-27 | score=0.675]
Amazon has drawn thousands to try its AI service competing with Microsoft Google. The company also announced new AI tools on Wednesday including a program for building more conversational customer-service agents technology access from the startup Cohere and a healthcare system for generating clinical notes after a patient visit.

[chunk_id=c84c621aab489be45c42::c0000 | date=2023-06-23 | score=0.674]
Amazon is spending $100 million to teach cloud customers about AI. Amazon.com's cloud unit is building a program to help customers develop and deploy new kinds of artificial intelligence products as the biggest seller of cloud services tries to match Microsoft and Google in the market for so-called generative AI.

[chunk_id=ec3ce18d568e33867724::c0000 | date=2023-06-14 | score=0.646]
Exclusive: Amazon's cloud unit is considering AMD's new AI chips. Amazon Web Services the world''s largest cloud computing provider is considering using new artificial intelligence chips from Advanced Micro Devices Inc though it has not made a final decision an AWS executive told Reuters.

[chunk_id=33e484d5c63c73a100c5::c0000 | date=2023-06-23 | score=0.624]
This Technology Holds the Key to Amazon's Future; It's Not Robots. Generative artificial intelligence is getting all of the hype but cloud computing is the technology that has ... Thanks to AWS’s low cost services startups have been able to grow rapidly ...

[chunk_id=1d1a000f3ee1a8799477::c0000 | date=2023-07-20 | score=0.622]
Top 11 AI as a Service Companies 2023. Contact the IBM sales team to get the actual rate for your selected AI service. Amazon Web Services (AWS) is a leading provider of cloud computing and AI services. The company offers various AI ...",5.472433299990371,8.165063399996143,757,1153,0
first5000-title-v2-openrouter-free,G5000-35,cross-doc,Contrast AWS's AMD-chip posture with HPE's AI-cloud posture. Which is a tentative hardware sourcing decision and which is a service offering?,"AWS was only considering AMD's new AI chips, with no final decision. HPE said it would offer a cloud computing service specifically for large language models, drawing on its supercomputing experience. Thus AWS is a tentative sourcing/evaluation relation, while HPE is an AI service-offering relation.","AWS’s consideration of AMD’s new AI chips is a **tentative hardware‑sourcing decision** – the company is still evaluating the chips and has not yet committed to using them [chunk_id=ec3ce18d568e33867724::c0000].  
HPE’s positioning around AI‑cloud is a **service offering** – the company markets its GreenLake on‑premises cloud service as a core part of its AI and cloud business, emphasizing services rather than hardware [chunk_id=097ff1b6906cf2aaa624].","AWS’s posture around AMD chips is a **tentative hardware‑sourcing decision** – AWS is considering using AMD’s new AI chips but has not yet committed to a final procurement plan [chunk_id=ec3ce18d568e33867724::c0000].  
HPE’s posture is a **service offering** – HPE has developed a cloud‑computing service for artificial intelligence, positioning itself as an AI‑cloud provider rather than a hardware vendor [chunk_id=2b93beef6173b1d20f74::c0000].","[chunk_id=ec3ce18d568e33867724::c0000 | date=2023-06-14 | score=0.682]
Exclusive: Amazon's cloud unit is considering AMD's new AI chips. Amazon Web Services the world''s largest cloud computing provider is considering using new artificial intelligence chips from Advanced Micro Devices Inc though it has not made a final decision an AWS executive told Reuters.

[chunk_id=ba8003d74979076504a3::c0000 | date=2023-06-05 | score=0.593]
Freed from the corporate data center cloud-based GPUs come of age. The time has come for running graphic processing unit chips in the cloud. Virtual machines running GPUs are increasingly being offered by the cloud platforms including Amazon Web Services Inc.’s EC2 P4d

[chunk_id=1d1a000f3ee1a8799477::c0000 | date=2023-07-20 | score=0.563]
Top 11 AI as a Service Companies 2023. Contact the IBM sales team to get the actual rate for your selected AI service. Amazon Web Services (AWS) is a leading provider of cloud computing and AI services. The company offers various AI ...

[chunk_id=73f6d5535f26475909a8::c0000 | date=2023-09-19 | score=0.550]
Intel: Our 3D V-Cache Tech Will Take a Different Approach Than AMD. The company plans to use the chip-stacking tech for Intel processors and offer it to third-party customers contracting with Intel's foundry business.

[chunk_id=097ff1b6906cf2aaa624::c0000 | date=2022-12-05 | score=0.505]
COLUMN: HPE Is A Cloud Service Provider Not A Hardware Company. HPE President and CEO Antonio Neri made that crystal clear when he ended HPE’s fiscal year by fully integrating the GreenLake on-premises cloud service into the core operations of the company.

[chunk_id=33e484d5c63c73a100c5::c0000 | date=2023-06-23 | score=0.504]
This Technology Holds the Key to Amazon's Future; It's Not Robots. Generative artificial intelligence is getting all of the hype but cloud computing is the technology that has ... Thanks to AWS’s low cost services startups have been able to grow rapidly ...","=== GRAPH ===
HPE [Company] -DEVELOPED-> cloud computing service for artificial intelligence [Technology] | date=2023-06-21 | chunk=2b93beef6173b1d20f74::c0000 | evidence=""HPE to offer cloud computing service for artificial intelligence""
AMD [Company] -DEVELOPED-> chips [Technology] | date=2023-06-01 | chunk=7d21e479ed47024a21cd::c0000 | evidence=""AMD is powering multiple cloud services through its chips""

=== VECTOR ===
[chunk_id=ec3ce18d568e33867724::c0000 | date=2023-06-14 | score=0.682]
Exclusive: Amazon's cloud unit is considering AMD's new AI chips. Amazon Web Services the world''s largest cloud computing provider is considering using new artificial intelligence chips from Advanced Micro Devices Inc though it has not made a final decision an AWS executive told Reuters.

[chunk_id=ba8003d74979076504a3::c0000 | date=2023-06-05 | score=0.593]
Freed from the corporate data center cloud-based GPUs come of age. The time has come for running graphic processing unit chips in the cloud. Virtual machines running GPUs are increasingly being offered by the cloud platforms including Amazon Web Services Inc.’s EC2 P4d

[chunk_id=1d1a000f3ee1a8799477::c0000 | date=2023-07-20 | score=0.563]
Top 11 AI as a Service Companies 2023. Contact the IBM sales team to get the actual rate for your selected AI service. Amazon Web Services (AWS) is a leading provider of cloud computing and AI services. The company offers various AI ...

[chunk_id=73f6d5535f26475909a8::c0000 | date=2023-09-19 | score=0.550]
Intel: Our 3D V-Cache Tech Will Take a Different Approach Than AMD. The company plans to use the chip-stacking tech for Intel processors and offer it to third-party customers contracting with Intel's foundry business.

[chunk_id=097ff1b6906cf2aaa624::c0000 | date=2022-12-05 | score=0.505]
COLUMN: HPE Is A Cloud Service Provider Not A Hardware Company. HPE President and CEO Antonio Neri made that crystal clear when he ended HPE’s fiscal year by fully integrating the GreenLake on-premises cloud service into the core operations of the company.

[chunk_id=33e484d5c63c73a100c5::c0000 | date=2023-06-23 | score=0.504]
This Technology Holds the Key to Amazon's Future; It's Not Robots. Generative artificial intelligence is getting all of the hype but cloud computing is the technology that has ... Thanks to AWS’s low cost services startups have been able to grow rapidly ...",6.498722099990118,6.7995023999828845,811,934,0
first5000-title-v2-openrouter-free,G5000-36,cross-doc,"Rows 2532 and 2537 have near-identical Amazon AI headlines. What single event should be stored, and what details can be safely unioned?","They should be stored as one Amazon AI-service expansion story competing with Microsoft and Google. Safe unioned details include a conversational customer-service-agent program, access to Cohere technology, and (from the follow-up) a healthcare system for generating clinical notes after patient visits.","**Single event to store:**  
- **Event:** Amazon announces new AI tools and services (including conversational customer‑service agents and healthcare‑related AI) on 26 July 2023.  

**Details that can be safely unioned:**  
- **Date:** 26 July 2023.  
- **Description:** Amazon unveiled a suite of new AI tools, such as a program for building conversational customer‑service agents and a healthcare‑focused AI offering, and highlighted its AI service that competes with Microsoft and Google.  
- **Source:** [chunk_id=6ec376fffd2c56fef630]","The single event that should be stored is **Amazon’s announcement on 26 July 2023 of new AI tools, including a program for building conversational customer‑service agents powered by Cohere**.  

Details that can be safely unioned:  
- **Date**: 2023‑07‑26  
- **Companies**: Amazon (Company) and Cohere (Company)  
- **Nature of the announcement**: launch of new AI tools, specifically a program for building more conversational customer‑service agents using Cohere’s technology.  

These elements are present in both the graph and vector chunks and can be combined without conflict. [chunk_id=6ec376fffd2c56fef630::c0000]","[chunk_id=4c8e9044ab0a5a6808a6::c0000 | date=2022-12-29 | score=0.358]
“Data Provokes Thought And Changes Lives”—Here’s How Technology Can Enhance Equity. That’s something that the team at Amazon Web Services (AWS) fully understands. Through their Artificial Intelligence (AI)/machine learning (ML) technology they help businesses like ADP ...

[chunk_id=1d1a000f3ee1a8799477::c0000 | date=2023-07-20 | score=0.343]
Top 11 AI as a Service Companies 2023. Contact the IBM sales team to get the actual rate for your selected AI service. Amazon Web Services (AWS) is a leading provider of cloud computing and AI services. The company offers various AI ...

[chunk_id=c7bb052cfbe76159f95a::c0000 | date=2023-06-14 | score=0.335]
Best Data Recovery Services (2023). We do not offer financial advice advisory or brokerage services nor do we recommend or advise individuals or to buy or sell particular stocks or securities. Performance information may have ...

[chunk_id=fa81e9a85eabd43b3a56::c0000 | date=2023-09-25 | score=0.320]
eDiscovery Assistant Announces Gen AI Integration to Automate Caselaw Summaries. Discovery Assistant''s GPT-3.5 integration which helps draft case law summaries is focused on highlighting e-discovery and ESI issues.

[chunk_id=6ec376fffd2c56fef630::c0000 | date=2023-07-26 | score=0.310]
Exclusive: Amazon has drawn thousands to try its AI service competing with Microsoft Google. The company also announced new AI tools on Wednesday including a program for building more conversational customer-service agents technology access from the startup Cohere and a healthcare ...

[chunk_id=33e484d5c63c73a100c5::c0000 | date=2023-06-23 | score=0.302]
This Technology Holds the Key to Amazon's Future; It's Not Robots. Generative artificial intelligence is getting all of the hype but cloud computing is the technology that has ... Thanks to AWS’s low cost services startups have been able to grow rapidly ...","=== GRAPH ===
Amazon [Company] -USES-> Cohere [Company] | date=2023-07-26 | chunk=6ec376fffd2c56fef630::c0000 | evidence=Amazon announced new AI tools on Wednesday including a program for building more conversational customer-service agents technology access from the startup Cohere

=== VECTOR ===
[chunk_id=4c8e9044ab0a5a6808a6::c0000 | date=2022-12-29 | score=0.358]
“Data Provokes Thought And Changes Lives”—Here’s How Technology Can Enhance Equity. That’s something that the team at Amazon Web Services (AWS) fully understands. Through their Artificial Intelligence (AI)/machine learning (ML) technology they help businesses like ADP ...

[chunk_id=1d1a000f3ee1a8799477::c0000 | date=2023-07-20 | score=0.343]
Top 11 AI as a Service Companies 2023. Contact the IBM sales team to get the actual rate for your selected AI service. Amazon Web Services (AWS) is a leading provider of cloud computing and AI services. The company offers various AI ...

[chunk_id=c7bb052cfbe76159f95a::c0000 | date=2023-06-14 | score=0.335]
Best Data Recovery Services (2023). We do not offer financial advice advisory or brokerage services nor do we recommend or advise individuals or to buy or sell particular stocks or securities. Performance information may have ...

[chunk_id=fa81e9a85eabd43b3a56::c0000 | date=2023-09-25 | score=0.320]
eDiscovery Assistant Announces Gen AI Integration to Automate Caselaw Summaries. Discovery Assistant''s GPT-3.5 integration which helps draft case law summaries is focused on highlighting e-discovery and ESI issues.

[chunk_id=6ec376fffd2c56fef630::c0000 | date=2023-07-26 | score=0.310]
Exclusive: Amazon has drawn thousands to try its AI service competing with Microsoft Google. The company also announced new AI tools on Wednesday including a program for building more conversational customer-service agents technology access from the startup Cohere and a healthcare ...

[chunk_id=33e484d5c63c73a100c5::c0000 | date=2023-06-23 | score=0.302]
This Technology Holds the Key to Amazon's Future; It's Not Robots. Generative artificial intelligence is getting all of the hype but cloud computing is the technology that has ... Thanks to AWS’s low cost services startups have been able to grow rapidly ...",5.674709499988239,7.209732400020584,850,924,0
first5000-title-v2-openrouter-free,G5000-37,cross-doc,What evidence shows Dell NativeEdge moving from a May product announcement to a July use-case description?,The May Dell Technologies World report says Dell released NativeEdge. A July networking article describes NativeEdge as a platform that could make edge applications and infrastructure easier to deploy and manage through validated designs for industry-specific use cases.,"Dell announced the NativeEdge platform in a May 2023 product‑launch article, describing it as a new initiative that would “become a product or platform the next year” and noting its release at Dell Technologies World in Las Vegas【574a610073dca3212ec1::c0000】. Two months later, a July 2023 article shifted focus to specific industry use‑cases, stating that “Dell’s NativeEdge platform could make it easier to deploy and manage edge computing applications and infrastructure through validated designs for industry‑specific applications use cases”【a824597a7a8a77518185::c0000】. These pieces show the transition from a May product announcement to a July use‑case description.","Dell announced the launch of Dell NativeEdge as a product on **May 24, 2023** at Dell Technologies World in Las Vegas, describing it as a new edge‑computing platform [chunk_id=574a610073dca3212ec1::c0000]. Two months later, on **July 17, 2023**, a separate article detailed how Dell NativeEdge could be used to deploy and manage edge‑computing applications through validated designs for industry‑specific use cases [chunk_id=a824597a7a8a77518185::c0000]. These two pieces of evidence show the shift from a product announcement in May to a use‑case description in July.","[chunk_id=574a610073dca3212ec1::c0000 | date=2023-05-24 | score=0.679]
Projects become products: Dell unveils its long-term game plan for the edge. When Dell Technologies Inc. places the word “project” in front of a new initiative it’s sending up a signal flare that starts the clock toward emergence of a new product or platform the next year. The other major news at Dell Technologies World in Las Vegas today was the release of Dell NativeEdge

[chunk_id=a824597a7a8a77518185::c0000 | date=2023-07-17 | score=0.515]
Networking and communication. Dell’s NativeEdge platform could make it easier to deploy and manage edge computing applications and infrastructure through validated designs for industry-specific applications use cases ...

[chunk_id=60aedba44d76622046bd::c0000 | date=2023-02-06 | score=0.513]
Dell is latest tech company to slash jobs cutting about 6600. The tech industry started the year with a wave of job cuts around 50000 in January alone and there doesn’t appear to be any let up this month

[chunk_id=ae1e56a24cda1ca99cf2::c0000 | date=2023-02-14 | score=0.475]
What Big Tech CEOs are saying about their companies' layoffs. Clarke also said that the cost-cutting measures Dell implemented such as limiting travel and reducing outside services spending ... but it has recently shifted mostly to focus on health technology. Phillips announced that it would be eliminating 6000 ...

[chunk_id=9603de9254b674c02280::c0000 | date=2023-05-10 | score=0.442]
Dell announces major security efficiency improvements to PowerStore software. Other storage families in the Dell portfolio are also announcing some upgrades but PowerStore is the major one this time around.

[chunk_id=a6a4af9210a7e2208eab::c0000 | date=2023-01-31 | score=0.425]
How there may be more pain for hardware companies in 2023. “The depressed economic market will continue to dampen demand for devices throughout 2023. In fact end-user spending on devices is projected to decli","=== GRAPH ===
Dell Technologies Inc. [Company] -DEVELOPED-> Apex Cloud Platforms [Technology] | date=2023-05-26 | chunk=e826dd76339fcf0d6a9b::c0000 | evidence=new Apex Cloud Platforms integrates services from Microsoft Azure
Dell Technologies Inc. [Company] -USES-> Microsoft Azure [Technology] | date=2023-05-26 | chunk=e826dd76339fcf0d6a9b::c0000 | evidence=new Apex Cloud Platforms integrates services from Microsoft Azure
Dell Technologies Inc. [Company] -DEVELOPED-> Dell NativeEdge [Technology] | date=2023-05-24 | chunk=574a610073dca3212ec1::c0000 | evidence=Dell unveils its long-term game plan for the edge. The other major news at Dell Technologies World in Las Vegas today was the release of Dell NativeEdge

=== VECTOR ===
[chunk_id=574a610073dca3212ec1::c0000 | date=2023-05-24 | score=0.679]
Projects become products: Dell unveils its long-term game plan for the edge. When Dell Technologies Inc. places the word “project” in front of a new initiative it’s sending up a signal flare that starts the clock toward emergence of a new product or platform the next year. The other major news at Dell Technologies World in Las Vegas today was the release of Dell NativeEdge

[chunk_id=a824597a7a8a77518185::c0000 | date=2023-07-17 | score=0.515]
Networking and communication. Dell’s NativeEdge platform could make it easier to deploy and manage edge computing applications and infrastructure through validated designs for industry-specific applications use cases ...

[chunk_id=60aedba44d76622046bd::c0000 | date=2023-02-06 | score=0.513]
Dell is latest tech company to slash jobs cutting about 6600. The tech industry started the year with a wave of job cuts around 50000 in January alone and there doesn’t appear to be any let up this month

[chunk_id=ae1e56a24cda1ca99cf2::c0000 | date=2023-02-14 | score=0.475]
What Big Tech CEOs are saying about their companies' layoffs. Clarke also said that the cost-cutting measures Dell implemented such as limiting travel and reducing outside services spending ... but it has recently shifted mostly to focus on health technology. Phillips announced that it would be eliminating 6000 ...

[chunk_id=9603de9254b674c02280::c0000 | date=2023-05-10 | score=0.442]
Dell announces major security efficiency improvements to PowerStore software. Other storage families in the Dell portfolio are also announcing some upgrades but PowerStore is the major one this time around.

[chunk_id=a6a4af9210a7e2208eab::c0000 | date=2023-01-31 | score=0.425]
How there may be more pain for hardware companies in 2023. “The depressed economic market will continue to dampen demand for devices throughout 2023. In fact end-user spending on devices is projected to decli",6.186521000054199,7.7597262999624945,812,1039,0
first5000-title-v2-openrouter-free,G5000-38,multi-hop,How do Dell's APEX Cloud Platforms and NativeEdge represent two different infrastructure layers in its portfolio?,APEX Cloud Platforms are presented as part of Dell's cloud-smart/multicloud strategy and integrate services from Microsoft Azure. NativeEdge is positioned for deploying and managing edge computing applications and infrastructure. The first is multicloud/cloud-platform integration; the second is edge deployment/management.,"Dell’s portfolio is organized into two distinct infrastructure layers:

1. **APEX Cloud Platforms** – a cloud‑centric layer that delivers cloud‑smart services such as APEX File Storage for AWS and integrations with Microsoft Azure. It focuses on simplifying multicloud operations and providing software‑defined storage and compute that run in public clouds [chunk_id=e826dd76339fcf0d6a9b::c0000, chunk_id=8eb2b5d823c3509ef655::c0000].

2. **NativeEdge** – an edge‑computing layer that offers validated, industry‑specific designs for deploying and managing edge applications. It is aimed at extending capabilities to the network edge, enabling faster, more resilient workloads closer to data sources [chunk_id=a824597a7a8a77518185::c0000, chunk_id=574a610073dca3212ec1::c0000].","Dell’s portfolio is split into two distinct infrastructure layers.  
* **APEX Cloud Platforms** is a cloud‑centric offering that builds on multicloud services, notably integrating Microsoft Azure to provide “cloud‑smart” solutions for customers’ diverse needs [chunk_id=e826dd76339fcf0d6a9b::c0000].  
* **Dell NativeEdge** is an edge‑computing platform that delivers validated, industry‑specific designs for deploying and managing edge applications, representing Dell’s long‑term strategy for edge infrastructure [chunk_id=574a610073dca3212ec1::c0000].","[chunk_id=a824597a7a8a77518185::c0000 | date=2023-07-17 | score=0.653]
Networking and communication. Dell’s NativeEdge platform could make it easier to deploy and manage edge computing applications and infrastructure through validated designs for industry-specific applications use cases ...

[chunk_id=e826dd76339fcf0d6a9b::c0000 | date=2023-05-26 | score=0.597]
From multicloud challenges to ‘cloud-smart’ solutions: How Dell is simplifying multicloud complexity. By embracing a portfolio approach Dell Technologies Inc. aims to simplify operations address skills gaps and support customers’ diverse needs. The new Apex Cloud Platforms integrates services from Microsoft Azure

[chunk_id=574a610073dca3212ec1::c0000 | date=2023-05-24 | score=0.535]
Projects become products: Dell unveils its long-term game plan for the edge. When Dell Technologies Inc. places the word “project” in front of a new initiative it’s sending up a signal flare that starts the clock toward emergence of a new product or platform the next year. The other major news at Dell Technologies World in Las Vegas today was the release of Dell NativeEdge

[chunk_id=8e0a2f060d162199857f::c0000 | date=2023-01-11 | score=0.505]
Transformative tech: Demand for cloud-native capabilities expands to more than meets than eye. As demand for faster delivery flexibility scalability and resilience increases so does the competition. The main way businesses optimize their cloud-native capabilities is by collaborating with a cloud partner.

[chunk_id=8eb2b5d823c3509ef655::c0000 | date=2023-05-24 | score=0.441]
Customer-centricity takes center stage: How Dell is addressing cloud mobility. This helps discover issues early enough for them to be fixed as showcased by APEX File Storage for AWS a software-defined cloud file storage service that is fully customer managed according to Payne. “With APEX File Storage for AWS as you begin to ...

[chunk_id=143871a681bd8a7cda77::c0000 | date=2023-01-20 | score=0.438]
Supercloud analysis points to the dawn of the multicloud services era. The firm’s work represented a first-cut proposal that the technology industry should engage in a conversation around the need for standardized multicloud services. That dialogue has evolved into further discussion on the VMware website about the supercloud","=== GRAPH ===
Dell Technologies Inc. [Company] -DEVELOPED-> Apex Cloud Platforms [Technology] | date=2023-05-26 | chunk=e826dd76339fcf0d6a9b::c0000 | evidence=new Apex Cloud Platforms integrates services from Microsoft Azure
Dell Technologies Inc. [Company] -USES-> Microsoft Azure [Technology] | date=2023-05-26 | chunk=e826dd76339fcf0d6a9b::c0000 | evidence=new Apex Cloud Platforms integrates services from Microsoft Azure
Dell Technologies Inc. [Company] -DEVELOPED-> Dell NativeEdge [Technology] | date=2023-05-24 | chunk=574a610073dca3212ec1::c0000 | evidence=Dell unveils its long-term game plan for the edge. The other major news at Dell Technologies World in Las Vegas today was the release of Dell NativeEdge

=== VECTOR ===
[chunk_id=a824597a7a8a77518185::c0000 | date=2023-07-17 | score=0.653]
Networking and communication. Dell’s NativeEdge platform could make it easier to deploy and manage edge computing applications and infrastructure through validated designs for industry-specific applications use cases ...

[chunk_id=e826dd76339fcf0d6a9b::c0000 | date=2023-05-26 | score=0.597]
From multicloud challenges to ‘cloud-smart’ solutions: How Dell is simplifying multicloud complexity. By embracing a portfolio approach Dell Technologies Inc. aims to simplify operations address skills gaps and support customers’ diverse needs. The new Apex Cloud Platforms integrates services from Microsoft Azure

[chunk_id=574a610073dca3212ec1::c0000 | date=2023-05-24 | score=0.535]
Projects become products: Dell unveils its long-term game plan for the edge. When Dell Technologies Inc. places the word “project” in front of a new initiative it’s sending up a signal flare that starts the clock toward emergence of a new product or platform the next year. The other major news at Dell Technologies World in Las Vegas today was the release of Dell NativeEdge

[chunk_id=8e0a2f060d162199857f::c0000 | date=2023-01-11 | score=0.505]
Transformative tech: Demand for cloud-native capabilities expands to more than meets than eye. As demand for faster delivery flexibility scalability and resilience increases so does the competition. The main way businesses optimize their cloud-native capabilities is by collaborating with a cloud partner.

[chunk_id=8eb2b5d823c3509ef655::c0000 | date=2023-05-24 | score=0.441]
Customer-centricity takes center stage: How Dell is addressing cloud mobility. This helps discover issues early enough for them to be fixed as showcased by APEX File Storage for AWS a software-defined cloud file storage service that is fully customer managed according to Payne. “With APEX File Storage for AWS as you begin to ...

[chunk_id=143871a681bd8a7cda77::c0000 | date=2023-01-20 | score=0.438]
Supercloud analysis points to the dawn of the multicloud services era. The firm’s work represented a first-cut proposal that the technology industry should engage in a conversation around the need for standardized multicloud services. That dialogue has evolved into further discussion on the VMware website about the supercloud",6.215615099994466,8.62132560001919,906,1041,0
first5000-title-v2-openrouter-free,G5000-39,multi-hop,What two strategic capability areas did HPE expand in 2023 through the Axis Security deal and its later AI cloud announcement?,"HPE moved to expand edge-to-cloud security by agreeing to acquire Axis Security, enabling a unified SASE offering. Later it announced a cloud computing service specifically for large language models, leveraging HPE's supercomputing experience. The two areas are integrated networking/security and AI/LLM cloud services.","HPE expanded its strategic capabilities in **(1) edge‑to‑cloud security** by acquiring Axis Security, which added a unified Secure Access Services Edge (SASE) offering, and **(2) AI‑cloud services** by announcing a cloud computing service specifically for large‑language‑model workloads, leveraging its supercomputing expertise [chunk_id=325f8db4aaab2eaf00b9::c0000][chunk_id=2b93beef6173b1d20f74::c0000].","HPE expanded its strategic capabilities in 2023 in two key areas:  

1. **Edge‑to‑cloud security (SASE)** – through the acquisition of Axis Security, HPE broadened its network‑security offering to a unified Secure Access Services Edge solution. [chunk_id=325f8db4aaab2eaf00b9::c0000]  

2. **AI‑focused cloud computing** – by launching a cloud service for artificial intelligence, HPE leveraged its supercomputing expertise to provide a platform for large‑language‑model workloads. [chunk_id=2b93beef6173b1d20f74::c0000]","[chunk_id=325f8db4aaab2eaf00b9::c0000 | date=2023-03-02 | score=0.666]
Hewlett Packard Enterprise Fortifies Network Security With Acquisition of Security Service Edge Provider Axis Security. Hewlett Packard Enterprise (NYSE: HPE) today announced that it entered into a definitive agreement to acquire Axis Security a cloud security provider. This acquisition will allow HPE to expand its edge-to-cloud security capabilities by offering a unified Secure Access Services Edge (SASE) solution to meet the increasing demand for integrated networking and security solutions delivered as-a-service.

[chunk_id=2b93beef6173b1d20f74::c0000 | date=2023-06-21 | score=0.577]
HPE to offer cloud computing service for artificial intelligence. said the company will use its experience in supercomputers to offer a service specifically for what are called large language models the technology behind services like ChatGPT. “We see it as complementary and very different than what our fellow cloud ...

[chunk_id=097ff1b6906cf2aaa624::c0000 | date=2022-12-05 | score=0.551]
COLUMN: HPE Is A Cloud Service Provider Not A Hardware Company. HPE President and CEO Antonio Neri made that crystal clear when he ended HPE’s fiscal year by fully integrating the GreenLake on-premises cloud service into the core operations of the company.

[chunk_id=2512bf46ee71633efb09::c0000 | date=2023-08-29 | score=0.526]
UJET Wins Google Cloud Technology Partner of the Year Award for Productivity and Collaboration - Contact Center AI. In March of 2022 UJET announced a relationship with Google Cloud as a strategic technology partner to support Google Cloud in extending the CCAI portfolio to include a Google first-party contact center as a service offer Contact Center AI Platform (CCAI ...

[chunk_id=e47f67e1fe2cbb905d1d::c0000 | date=2023-10-17 | score=0.515]
Hewlett Packard Enterprise Builds AI Supercomputer for CRIANN to Accelerate Scientific Research and Innovation. Hewlett Packard Enterprise (HPE) today announced that it built a new AI supercomputer called “Austral” based on HPE Cray

[chunk_id=c7c65b53343789548caa::c0000 | date=2023-04-14 | score=0.497]
JLL''s data center outlook: Cloud computing AI driving exponential growth for data center industry. According to JLL’s new Global Data Center Outlook the mass adoption of cloud computing and artificial intelligence (AI) is driving exponential growth for the data center industry with hyperscale and edge computing leading investor demand.","=== GRAPH ===
HPE [Company] -DEVELOPED-> cloud computing service for artificial intelligence [Technology] | date=2023-06-21 | chunk=2b93beef6173b1d20f74::c0000 | evidence=""HPE to offer cloud computing service for artificial intelligence""
Hewlett Packard Enterprise [Company] -ACQUIRED-> Axis Security [Company] | date=2023-03-02 | chunk=325f8db4aaab2eaf00b9::c0000 | evidence=Hewlett Packard Enterprise (NYSE: HPE) today announced that it entered into a definitive agreement to acquire Axis Security a cloud security provider.

=== VECTOR ===
[chunk_id=325f8db4aaab2eaf00b9::c0000 | date=2023-03-02 | score=0.666]
Hewlett Packard Enterprise Fortifies Network Security With Acquisition of Security Service Edge Provider Axis Security. Hewlett Packard Enterprise (NYSE: HPE) today announced that it entered into a definitive agreement to acquire Axis Security a cloud security provider. This acquisition will allow HPE to expand its edge-to-cloud security capabilities by offering a unified Secure Access Services Edge (SASE) solution to meet the increasing demand for integrated networking and security solutions delivered as-a-service.

[chunk_id=2b93beef6173b1d20f74::c0000 | date=2023-06-21 | score=0.577]
HPE to offer cloud computing service for artificial intelligence. said the company will use its experience in supercomputers to offer a service specifically for what are called large language models the technology behind services like ChatGPT. “We see it as complementary and very different than what our fellow cloud ...

[chunk_id=097ff1b6906cf2aaa624::c0000 | date=2022-12-05 | score=0.551]
COLUMN: HPE Is A Cloud Service Provider Not A Hardware Company. HPE President and CEO Antonio Neri made that crystal clear when he ended HPE’s fiscal year by fully integrating the GreenLake on-premises cloud service into the core operations of the company.

[chunk_id=2512bf46ee71633efb09::c0000 | date=2023-08-29 | score=0.526]
UJET Wins Google Cloud Technology Partner of the Year Award for Productivity and Collaboration - Contact Center AI. In March of 2022 UJET announced a relationship with Google Cloud as a strategic technology partner to support Google Cloud in extending the CCAI portfolio to include a Google first-party contact center as a service offer Contact Center AI Platform (CCAI ...

[chunk_id=e47f67e1fe2cbb905d1d::c0000 | date=2023-10-17 | score=0.515]
Hewlett Packard Enterprise Builds AI Supercomputer for CRIANN to Accelerate Scientific Research and Innovation. Hewlett Packard Enterprise (HPE) today announced that it built a new AI supercomputer called “Austral” based on HPE Cray

[chunk_id=c7c65b53343789548caa::c0000 | date=2023-04-14 | score=0.497]
JLL''s data center outlook: Cloud computing AI driving exponential growth for data center industry. According to JLL’s new Global Data Center Outlook the mass adoption of cloud computing and artificial intelligence (AI) is driving exponential growth for the data center industry with hyperscale and edge computing leading investor demand.",6.650759500043932,7.844901799981017,888,1062,0
first5000-title-v2-openrouter-free,G5000-40,cross-doc,"Compare Dell and HPE's cloud strategies in the selected scope: which one explicitly integrates Microsoft Azure services, and which one emphasizes a service for LLMs?","Dell's APEX Cloud Platforms story explicitly says the platform integrates services from Microsoft Azure. HPE's story emphasizes a cloud computing service specifically for large language models, based on its supercomputing experience.","Dell’s cloud strategy explicitly integrates Microsoft Azure services through its Apex Cloud Platforms, which “integrates services from Microsoft Azure” [e826dd76339fcf0d6a9b::c0000].  
There is no evidence in the supplied context that HPE’s strategy emphasizes a service for large‑language models (LLMs); the available chunks do not mention such a focus. If you need confirmation of HPE’s LLM‑related initiatives, additional sources would be required.","Dell’s cloud strategy explicitly integrates Microsoft Azure services – its new Apex Cloud Platforms “integrates services from Microsoft Azure”【chunk_id=e826dd76339fcf0d6a9b::c0000】.  
HPE’s strategy, as described in the context, focuses on a cloud‑computing service for artificial intelligence, but there is no evidence that it specifically emphasizes a service for large‑language models (LLMs). The available information does not mention an LLM‑specific offering from HPE.","[chunk_id=e826dd76339fcf0d6a9b::c0000 | date=2023-05-26 | score=0.675]
From multicloud challenges to ‘cloud-smart’ solutions: How Dell is simplifying multicloud complexity. By embracing a portfolio approach Dell Technologies Inc. aims to simplify operations address skills gaps and support customers’ diverse needs. The new Apex Cloud Platforms integrates services from Microsoft Azure

[chunk_id=89daf90254c478d8e525::c0000 | date=2023-01-24 | score=0.529]
Microsoft’s revenue and profit drop but cloud computing holds. Microsoft''s cloud computing unit drove growth according to the company’s second-quarter results released Tuesday.

[chunk_id=27aa75236244ad16e0a2::c0000 | date=2023-05-25 | score=0.528]
Three Cloud Desktop Solutions: A Matter of Choice. When it comes to cloud desktop solutions financial services institutions have a few solid choices ... user--reducing latency and significantly improving user experience. For technology teams the value of cloud-based virtual desktops is even greater.

[chunk_id=7f52da2ccc5c6e29853c::c0000 | date=2023-03-29 | score=0.515]
Virtana Research Survey Examines Multicloud Trends Challenges. Cloud complexity grows as 83% of IT leaders use more than one cloud service provider; 44% use more than three.

[chunk_id=314572378664957305d6::c0000 | date=2023-06-23 | score=0.508]
Best cloud computing services of 2023. The best cloud computing services offer the opportunity for businesses ... high costs and which ones aren’t and use this information to optimize their spending. Pay-As-You-Go Pay-as-you-go ...

[chunk_id=8eb2b5d823c3509ef655::c0000 | date=2023-05-24 | score=0.502]
Customer-centricity takes center stage: How Dell is addressing cloud mobility. This helps discover issues early enough for them to be fixed as showcased by APEX File Storage for AWS a software-defined cloud file storage service that is fully customer managed according to Payne. “With APEX File Storage for AWS as you begin to ...","=== GRAPH ===
Microsoft [Company] -DEVELOPED-> Microsoft Copilot for Windows [Technology] | date=2023-09-21 | chunk=3a5ed6555cadb4149f58::c0000 | evidence=Microsoft Copilot for Windows launches September 26th and unifies several formerly separate Copilot assistants
KPMG [Company] -INVESTED_IN-> Microsoft [Company] | date=2023-07-11 | chunk=35f9e232b3c44ebab014::c0000 | evidence=KPMG said on Tuesday it will spend $2 billion on artificial intelligence and cloud services through an expanded partnership with Microsoft
HPE [Company] -DEVELOPED-> cloud computing service for artificial intelligence [Technology] | date=2023-06-21 | chunk=2b93beef6173b1d20f74::c0000 | evidence=""HPE to offer cloud computing service for artificial intelligence""
Microsoft [Company] -DEVELOPED-> AI tools [Technology] | date=2023-06-20 | chunk=264d1b9d346656ddf765::c0000 | evidence=Microsoft is infusing artificial intelligence tools into its Office software including Word Excel and Outlook emails. The company said Thursday the new feature named Copilot is a processing engine that will allow users to do things like summarize long emails
Microsoft [Company] -DEVELOPED-> Azure OpenAI Service [Technology] | date=2023-06-09 | chunk=0f5fa36a88eaffbb32a0::c0000 | evidence=Microsoft unveils OpenAI service for government customers. The company unveiled its new Azure OpenAI Service for federal agencies
Dell Technologies Inc. [Company] -USES-> Microsoft Azure [Technology] | date=2023-05-26 | chunk=e826dd76339fcf0d6a9b::c0000 | evidence=new Apex Cloud Platforms integrates services from Microsoft Azure
Dell Technologies Inc. [Company] -DEVELOPED-> Apex Cloud Platforms [Technology] | date=2023-05-26 | chunk=e826dd76339fcf0d6a9b::c0000 | evidence=new Apex Cloud Platforms integrates services from Microsoft Azure
Dell Technologies Inc. [Company] -DEVELOPED-> Dell NativeEdge [Technology] | date=2023-05-24 | chunk=574a610073dca3212ec1::c0000 | evidence=Dell unveils its long-term game plan for the edge. The other major news at Dell Technologies World in Las Vegas today was the release of Dell NativeEdge
Options Technology [Company] -PARTNERED_WITH-> Microsoft [Company] | date=2023-05-10 | chunk=a2fe2cc636f39a18f032::c0000 | evidence=Options Technology the leading provider of cloud-enabled managed services to the global capital markets today announced its achievement of Microsoft Solutions Partner designation for Infrastructure.
Microsoft [Company] -DEVELOPED-> cloud data processing hub [Technology] | date=2023-04-26 | chunk=faa5aa220169e034c02b::c0000 | evidence=""Microsoft opens top cloud data processing hub in Poland""

=== VECTOR ===
[chunk_id=e826dd76339fcf0d6a9b::c0000 | date=2023-05-26 | score=0.675]
From multicloud challenges to ‘cloud-smart’ solutions: How Dell is simplifying multicloud complexity. By embracing a portfolio approach Dell Technologies Inc. aims to simplify operations address skills gaps and support customers’ diverse needs. The new Apex Cloud Platforms integrates services from Microsoft Azure

[chunk_id=89daf90254c478d8e525::c0000 | date=2023-01-24 | score=0.529]
Microsoft’s revenue and profit drop but cloud computing holds. Microsoft''s cloud computing unit drove growth according to the company’s second-quarter results released Tuesday.

[chunk_id=27aa75236244ad16e0a2::c0000 | date=2023-05-25 | score=0.528]
Three Cloud Desktop Solutions: A Matter of Choice. When it comes to cloud desktop solutions financial services institutions have a few solid choices ... user--reducing latency and significantly improving user experience. For technology teams the value of cloud-based virtual desktops is even greater.

[chunk_id=7f52da2ccc5c6e29853c::c0000 | date=2023-03-29 | score=0.515]
Virtana Research Survey Examines Multicloud Trends Challenges. Cloud complexity grows as 83% of IT leaders use more than one cloud service provider; 44% use more than three.

[chunk_id=314572378664957305d6::c0000 | date=2023-06-23 | score=0.508]
Best cloud computing services of 2023. The best cloud computing services offer the opportunity for businesses ... high costs and which ones aren’t and use this information to optimize their spending. Pay-As-You-Go Pay-as-you-go ...

[chunk_id=8eb2b5d823c3509ef655::c0000 | date=2023-05-24 | score=0.502]
Customer-centricity takes center stage: How Dell is addressing cloud mobility. This helps discover issues early enough for them to be fixed as showcased by APEX File Storage for AWS a software-defined cloud file storage service that is fully customer managed according to Payne. “With APEX File Storage for AWS as you begin to ...",5.847464899998158,11.343165699974634,789,1484,0
first5000-title-v2-openrouter-free,G5000-41,factoid,"Which company did HPE agree to acquire to expand edge-to-cloud security, and what unified security architecture did the report say the deal would support?",Axis Security; a unified Secure Access Service Edge (SASE) solution.,"HPE agreed to acquire **Axis Security** to broaden its edge‑to‑cloud security offering. The deal was said to support a **unified Secure Access Services Edge (SASE)** architecture, delivering integrated networking and security as‑a‑service [chunk_id=325f8db4aaab2eaf00b9].","HPE agreed to acquire **Axis Security** to broaden its edge‑to‑cloud security offering. The deal was said to support a **unified Secure Access Services Edge (SASE)** architecture, delivering integrated networking and security as‑a‑service [chunk_id=325f8db4aaab2eaf00b9::c0000].","[chunk_id=325f8db4aaab2eaf00b9::c0000 | date=2023-03-02 | score=0.811]
Hewlett Packard Enterprise Fortifies Network Security With Acquisition of Security Service Edge Provider Axis Security. Hewlett Packard Enterprise (NYSE: HPE) today announced that it entered into a definitive agreement to acquire Axis Security a cloud security provider. This acquisition will allow HPE to expand its edge-to-cloud security capabilities by offering a unified Secure Access Services Edge (SASE) solution to meet the increasing demand for integrated networking and security solutions delivered as-a-service.

[chunk_id=097ff1b6906cf2aaa624::c0000 | date=2022-12-05 | score=0.630]
COLUMN: HPE Is A Cloud Service Provider Not A Hardware Company. HPE President and CEO Antonio Neri made that crystal clear when he ended HPE’s fiscal year by fully integrating the GreenLake on-premises cloud service into the core operations of the company.

[chunk_id=2b93beef6173b1d20f74::c0000 | date=2023-06-21 | score=0.589]
HPE to offer cloud computing service for artificial intelligence. said the company will use its experience in supercomputers to offer a service specifically for what are called large language models the technology behind services like ChatGPT. “We see it as complementary and very different than what our fellow cloud ...

[chunk_id=f294a4cae10df3894549::c0000 | date=2023-01-05 | score=0.585]
World's Premier Investors Line Up to Partner with Netskope as the SASE Security and Networking Platform of Choice. Netskope a leader in Secure Access Service Edge (SASE) on the heels of its recognition as Cloud Security Services Vendor of the Year its sixth straight ranking on the Forbes Cloud 100 list of top cloud companies

[chunk_id=4ac157699cb75bdd5404::c0000 | date=2023-05-12 | score=0.543]
RSA Conference 2023 – Announcements Summary (Day 3). and 1Kosmos. Skyhigh Security adds new capabilities to Security Service Edge Cloud security firm Skyhigh Security has announced the addition of several new capabilities to its Security Service Edge (SSE) product portfolio including Exact Data Match (EDM ...

[chunk_id=a373abb6a3a393cd48c1::c0000 | date=2023-03-06 | score=0.466]
Tech-sponsored study criticises plan to exclude non-EU cloud vendors. A proposed European Union cloud security label that could exclude Amazon Alphabet''s Google Microsoft and other non-EU cloud services providers from the bloc is discriminatory and could lead to retaliatory measures","=== GRAPH ===
HPE [Company] -DEVELOPED-> cloud computing service for artificial intelligence [Technology] | date=2023-06-21 | chunk=2b93beef6173b1d20f74::c0000 | evidence=""HPE to offer cloud computing service for artificial intelligence""

=== VECTOR ===
[chunk_id=325f8db4aaab2eaf00b9::c0000 | date=2023-03-02 | score=0.811]
Hewlett Packard Enterprise Fortifies Network Security With Acquisition of Security Service Edge Provider Axis Security. Hewlett Packard Enterprise (NYSE: HPE) today announced that it entered into a definitive agreement to acquire Axis Security a cloud security provider. This acquisition will allow HPE to expand its edge-to-cloud security capabilities by offering a unified Secure Access Services Edge (SASE) solution to meet the increasing demand for integrated networking and security solutions delivered as-a-service.

[chunk_id=097ff1b6906cf2aaa624::c0000 | date=2022-12-05 | score=0.630]
COLUMN: HPE Is A Cloud Service Provider Not A Hardware Company. HPE President and CEO Antonio Neri made that crystal clear when he ended HPE’s fiscal year by fully integrating the GreenLake on-premises cloud service into the core operations of the company.

[chunk_id=2b93beef6173b1d20f74::c0000 | date=2023-06-21 | score=0.589]
HPE to offer cloud computing service for artificial intelligence. said the company will use its experience in supercomputers to offer a service specifically for what are called large language models the technology behind services like ChatGPT. “We see it as complementary and very different than what our fellow cloud ...

[chunk_id=f294a4cae10df3894549::c0000 | date=2023-01-05 | score=0.585]
World's Premier Investors Line Up to Partner with Netskope as the SASE Security and Networking Platform of Choice. Netskope a leader in Secure Access Service Edge (SASE) on the heels of its recognition as Cloud Security Services Vendor of the Year its sixth straight ranking on the Forbes Cloud 100 list of top cloud companies

[chunk_id=4ac157699cb75bdd5404::c0000 | date=2023-05-12 | score=0.543]
RSA Conference 2023 – Announcements Summary (Day 3). and 1Kosmos. Skyhigh Security adds new capabilities to Security Service Edge Cloud security firm Skyhigh Security has announced the addition of several new capabilities to its Security Service Edge (SSE) product portfolio including Exact Data Match (EDM ...

[chunk_id=a373abb6a3a393cd48c1::c0000 | date=2023-03-06 | score=0.466]
Tech-sponsored study criticises plan to exclude non-EU cloud vendors. A proposed European Union cloud security label that could exclude Amazon Alphabet''s Google Microsoft and other non-EU cloud services providers from the bloc is discriminatory and could lead to retaliatory measures",6.501178600010462,6.5020258000004105,855,911,0
first5000-title-v2-openrouter-free,G5000-42,multi-hop,"Starting from the edge-computing concept, connect one Dell product and one HPE transaction to two different edge-related outcomes.",Dell NativeEdge is described as helping deploy and manage edge computing applications and infrastructure. HPE's planned acquisition of Axis Security is described as expanding edge-to-cloud security capabilities and enabling a unified SASE solution.,"Dell’s **NativeEdge** platform is designed to simplify the deployment and management of edge‑computing applications, providing validated, industry‑specific designs that accelerate time‑to‑value for edge workloads【a824597a7a8a77518185::c0000】【574a610073dca3212ec1::c0000】.  
HPE’s acquisition of **Axis Security** expands its edge‑to‑cloud security portfolio, enabling a unified Secure Access Services Edge (SASE) solution that delivers integrated networking and security as a service at the edge【325f8db4aaab2eaf00b9::c0000】.  

**Edge‑related outcomes**

1. **Accelerated edge application rollout** – NativeEdge’s pre‑validated designs reduce complexity and speed up the deployment of edge workloads, helping organizations bring edge solutions to market faster.  
2. **Unified edge security** – The Axis Security acquisition gives HPE a comprehensive SASE offering, ensuring that edge deployments are protected with consistent, cloud‑native security controls across the network.","- **Dell product – NativeEdge platform**  
  *Outcome 1:* NativeEdge provides validated designs for industry‑specific edge‑computing applications, making it easier to deploy and manage edge infrastructure and applications. [chunk_id=a824597a7a8a77518185::c0000]  

- **HPE transaction – acquisition of Axis Security**  
  *Outcome 2:* By acquiring Axis Security, HPE expands its edge‑to‑cloud security capabilities, offering a unified Secure Access Services Edge (SASE) solution that delivers integrated networking and security as‑a‑service. [chunk_id=325f8db4aaab2eaf00b9::c0000]","[chunk_id=a824597a7a8a77518185::c0000 | date=2023-07-17 | score=0.632]
Networking and communication. Dell’s NativeEdge platform could make it easier to deploy and manage edge computing applications and infrastructure through validated designs for industry-specific applications use cases ...

[chunk_id=325f8db4aaab2eaf00b9::c0000 | date=2023-03-02 | score=0.540]
Hewlett Packard Enterprise Fortifies Network Security With Acquisition of Security Service Edge Provider Axis Security. Hewlett Packard Enterprise (NYSE: HPE) today announced that it entered into a definitive agreement to acquire Axis Security a cloud security provider. This acquisition will allow HPE to expand its edge-to-cloud security capabilities by offering a unified Secure Access Services Edge (SASE) solution to meet the increasing demand for integrated networking and security solutions delivered as-a-service.

[chunk_id=574a610073dca3212ec1::c0000 | date=2023-05-24 | score=0.472]
Projects become products: Dell unveils its long-term game plan for the edge. When Dell Technologies Inc. places the word “project” in front of a new initiative it’s sending up a signal flare that starts the clock toward emergence of a new product or platform the next year. The other major news at Dell Technologies World in Las Vegas today was the release of Dell NativeEdge

[chunk_id=e826dd76339fcf0d6a9b::c0000 | date=2023-05-26 | score=0.436]
From multicloud challenges to ‘cloud-smart’ solutions: How Dell is simplifying multicloud complexity. By embracing a portfolio approach Dell Technologies Inc. aims to simplify operations address skills gaps and support customers’ diverse needs. The new Apex Cloud Platforms integrates services from Microsoft Azure

[chunk_id=ae1e56a24cda1ca99cf2::c0000 | date=2023-02-14 | score=0.419]
What Big Tech CEOs are saying about their companies' layoffs. Clarke also said that the cost-cutting measures Dell implemented such as limiting travel and reducing outside services spending ... but it has recently shifted mostly to focus on health technology. Phillips announced that it would be eliminating 6000 ...

[chunk_id=2b93beef6173b1d20f74::c0000 | date=2023-06-21 | score=0.418]
HPE to offer cloud computing service for artificial intelligence. said the company will use its experience in supercomputers to offer a service specifically for what are called large language models the technology behind services like ChatGPT. “We see it as complementary and very different than what our fellow cloud ...","=== GRAPH ===
HPE [Company] -DEVELOPED-> cloud computing service for artificial intelligence [Technology] | date=2023-06-21 | chunk=2b93beef6173b1d20f74::c0000 | evidence=""HPE to offer cloud computing service for artificial intelligence""

=== VECTOR ===
[chunk_id=a824597a7a8a77518185::c0000 | date=2023-07-17 | score=0.632]
Networking and communication. Dell’s NativeEdge platform could make it easier to deploy and manage edge computing applications and infrastructure through validated designs for industry-specific applications use cases ...

[chunk_id=325f8db4aaab2eaf00b9::c0000 | date=2023-03-02 | score=0.540]
Hewlett Packard Enterprise Fortifies Network Security With Acquisition of Security Service Edge Provider Axis Security. Hewlett Packard Enterprise (NYSE: HPE) today announced that it entered into a definitive agreement to acquire Axis Security a cloud security provider. This acquisition will allow HPE to expand its edge-to-cloud security capabilities by offering a unified Secure Access Services Edge (SASE) solution to meet the increasing demand for integrated networking and security solutions delivered as-a-service.

[chunk_id=574a610073dca3212ec1::c0000 | date=2023-05-24 | score=0.472]
Projects become products: Dell unveils its long-term game plan for the edge. When Dell Technologies Inc. places the word “project” in front of a new initiative it’s sending up a signal flare that starts the clock toward emergence of a new product or platform the next year. The other major news at Dell Technologies World in Las Vegas today was the release of Dell NativeEdge

[chunk_id=e826dd76339fcf0d6a9b::c0000 | date=2023-05-26 | score=0.436]
From multicloud challenges to ‘cloud-smart’ solutions: How Dell is simplifying multicloud complexity. By embracing a portfolio approach Dell Technologies Inc. aims to simplify operations address skills gaps and support customers’ diverse needs. The new Apex Cloud Platforms integrates services from Microsoft Azure

[chunk_id=ae1e56a24cda1ca99cf2::c0000 | date=2023-02-14 | score=0.419]
What Big Tech CEOs are saying about their companies' layoffs. Clarke also said that the cost-cutting measures Dell implemented such as limiting travel and reducing outside services spending ... but it has recently shifted mostly to focus on health technology. Phillips announced that it would be eliminating 6000 ...

[chunk_id=2b93beef6173b1d20f74::c0000 | date=2023-06-21 | score=0.418]
HPE to offer cloud computing service for artificial intelligence. said the company will use its experience in supercomputers to offer a service specifically for what are called large language models the technology behind services like ChatGPT. “We see it as complementary and very different than what our fellow cloud ...",6.630441699991934,7.52557399997022,981,998,0
first5000-title-v2-openrouter-free,G5000-43,cross-doc,"Which came first in the selected HPE timeline: the Axis Security acquisition agreement or the LLM-focused cloud service announcement, and what does that ordering show?","The Axis Security acquisition agreement came first on March 2, 2023; the HPE LLM-focused cloud service story followed on June 21, 2023. The ordering shows HPE expanding security capabilities before the later AI-cloud service initiative in this dataset slice.","The available context does not contain any mention of an LLM‑focused cloud service announcement. The only dated event we have is Hewlett Packard Enterprise’s definitive agreement to acquire Axis Security on **March 2 2023** [chunk_id=325f8db4aaab2eaf00b9::c0000]. Because there is no evidence of an LLM‑focused announcement in the supplied material, I cannot determine which event came first or what that ordering would indicate.","The Axis Security acquisition agreement (2023‑03‑02) preceded the LLM‑focused cloud service announcement (2023‑06‑21) [chunk_id=325f8db4aaab2eaf00b9::c0000, chunk_id=2b93beef6173b1d20f74::c0000]. This ordering indicates that HPE chose to strengthen its security capabilities first, before expanding its AI‑cloud offerings.","[chunk_id=325f8db4aaab2eaf00b9::c0000 | date=2023-03-02 | score=0.594]
Hewlett Packard Enterprise Fortifies Network Security With Acquisition of Security Service Edge Provider Axis Security. Hewlett Packard Enterprise (NYSE: HPE) today announced that it entered into a definitive agreement to acquire Axis Security a cloud security provider. This acquisition will allow HPE to expand its edge-to-cloud security capabilities by offering a unified Secure Access Services Edge (SASE) solution to meet the increasing demand for integrated networking and security solutions delivered as-a-service.

[chunk_id=a99fae69f3b50b4a80a9::c0000 | date=2023-01-27 | score=0.455]
L&T Technology Services Ltd - Announcement under Regulation 30 (LODR)-Earnings Call Transcript. Please find attached the transcript of Earnings Conference Call organized by the Company on January 19 2023 for the quarter and nine months ended December 31 2022 for your information and records.

[chunk_id=f4963c249c1c888c8b5c::c0000 | date=2023-08-11 | score=0.455]
Cloud Information Technology Service Management (ITSM) Market Size & Share Analysis - Growth Trends & Forecasts (2023 - 2028). New York Aug. 10 2023 (GLOBE NEWSWIRE) -- Reportlinker.com announces the release of the report '""Cloud Information Technology Service Management (ITSM) Market Size & Share Analysis - Growth ...

[chunk_id=ccb38d61a1f991704412::c0000 | date=2023-03-27 | score=0.451]
Cloud DX Announces New US Contract and 2 Canadian Contract Extensions. These agreements are the 13th 14th and 15th contracts or extensions to date in 2023 vs 28 in all of 2022News in SummaryIllinois primary care practice signs contract to deploy Connected Health™ platf

[chunk_id=097ff1b6906cf2aaa624::c0000 | date=2022-12-05 | score=0.441]
COLUMN: HPE Is A Cloud Service Provider Not A Hardware Company. HPE President and CEO Antonio Neri made that crystal clear when he ended HPE’s fiscal year by fully integrating the GreenLake on-premises cloud service into the core operations of the company.

[chunk_id=e0643c37d6026923cdcb::c0000 | date=2023-05-01 | score=0.436]
Cloud DX Announces Expected Annual Financial Statement Filing Delay and Management Cease Trade Order. Cloud DX Inc. (TSXV:CDX) (OTCQB:CDXFF) ('""Cloud'"" or the '""Corporation'"") is announcing that due to a short delay in finalizing the audit the Corporation''s auditors have","=== GRAPH ===
HPE [Company] -DEVELOPED-> cloud computing service for artificial intelligence [Technology] | date=2023-06-21 | chunk=2b93beef6173b1d20f74::c0000 | evidence=""HPE to offer cloud computing service for artificial intelligence""
Hewlett Packard Enterprise [Company] -ACQUIRED-> Axis Security [Company] | date=2023-03-02 | chunk=325f8db4aaab2eaf00b9::c0000 | evidence=Hewlett Packard Enterprise (NYSE: HPE) today announced that it entered into a definitive agreement to acquire Axis Security a cloud security provider.

=== VECTOR ===
[chunk_id=325f8db4aaab2eaf00b9::c0000 | date=2023-03-02 | score=0.594]
Hewlett Packard Enterprise Fortifies Network Security With Acquisition of Security Service Edge Provider Axis Security. Hewlett Packard Enterprise (NYSE: HPE) today announced that it entered into a definitive agreement to acquire Axis Security a cloud security provider. This acquisition will allow HPE to expand its edge-to-cloud security capabilities by offering a unified Secure Access Services Edge (SASE) solution to meet the increasing demand for integrated networking and security solutions delivered as-a-service.

[chunk_id=a99fae69f3b50b4a80a9::c0000 | date=2023-01-27 | score=0.455]
L&T Technology Services Ltd - Announcement under Regulation 30 (LODR)-Earnings Call Transcript. Please find attached the transcript of Earnings Conference Call organized by the Company on January 19 2023 for the quarter and nine months ended December 31 2022 for your information and records.

[chunk_id=f4963c249c1c888c8b5c::c0000 | date=2023-08-11 | score=0.455]
Cloud Information Technology Service Management (ITSM) Market Size & Share Analysis - Growth Trends & Forecasts (2023 - 2028). New York Aug. 10 2023 (GLOBE NEWSWIRE) -- Reportlinker.com announces the release of the report '""Cloud Information Technology Service Management (ITSM) Market Size & Share Analysis - Growth ...

[chunk_id=ccb38d61a1f991704412::c0000 | date=2023-03-27 | score=0.451]
Cloud DX Announces New US Contract and 2 Canadian Contract Extensions. These agreements are the 13th 14th and 15th contracts or extensions to date in 2023 vs 28 in all of 2022News in SummaryIllinois primary care practice signs contract to deploy Connected Health™ platf

[chunk_id=097ff1b6906cf2aaa624::c0000 | date=2022-12-05 | score=0.441]
COLUMN: HPE Is A Cloud Service Provider Not A Hardware Company. HPE President and CEO Antonio Neri made that crystal clear when he ended HPE’s fiscal year by fully integrating the GreenLake on-premises cloud service into the core operations of the company.

[chunk_id=e0643c37d6026923cdcb::c0000 | date=2023-05-01 | score=0.436]
Cloud DX Announces Expected Annual Financial Statement Filing Delay and Management Cease Trade Order. Cloud DX Inc. (TSXV:CDX) (OTCQB:CDXFF) ('""Cloud'"" or the '""Corporation'"") is announcing that due to a short delay in finalizing the audit the Corporation''s auditors have",7.218780700000934,8.071438500017393,925,1065,0
first5000-title-v2-openrouter-free,G5000-44,multi-hop,What two distinct partner ecosystems connect L&T Technology Services to advanced infrastructure in 2023: one for urban-rail 5G and one for OT security?,"For urban-rail private 5G, Thales selected L&T Technology Services and Qualcomm. For OT security, L&T Technology Services joined with Palo Alto Networks as an MSSP partner to provide a comprehensive security platform for industrial/OT environments.","The two partner ecosystems that L&T Technology Services (LTTS) joined in 2023 are:

1. **Urban‑rail 5G ecosystem** – LTTS partnered with **Qualcomm** and **Thales** to enable 5G private networks for urban railways. [chunk_id=275fc1333cf98e260eec]  
2. **OT security ecosystem** – LTTS teamed up with **Palo Alto Networks** as an MSSP partner to deliver OT security solutions. [chunk_id=227844974155bca2484d]","The two partner ecosystems are:

- **Urban‑rail 5G:** L&T Technology Services partnered with **Qualcomm** (selected by Thales) to enable 5G private networks for urban railways【chunk_id=275fc1333cf98e260eec】.  
- **OT security:** L&T Technology Services teamed up with **Palo Alto Networks** as an MSSP partner to deliver OT security offerings【chunk_id=227844974155bca2484d】.","[chunk_id=5c000f3a9d25c38d7d58::c0000 | date=2023-07-07 | score=0.653]
L&T Technology Services. L&T Technology Services Limited is an India-based engineering research and development services company. The Company provides services and solutions in the areas of product software mechanical ...

[chunk_id=27eb86bc517fa9da3bea::c0000 | date=2023-01-20 | score=0.648]
L&T Technology Services Selected as Strategic Engineering Partner to Airbus for Advanced Capabilities and Digital Manufacturing Services. BENGALURU India January 19 2023--(BUSINESS WIRE)--L&T Technology Services Limited (BSE ... 2022. For more information please visit www.LTTS.com

[chunk_id=227844974155bca2484d::c0000 | date=2023-06-30 | score=0.645]
L&T Technology Services Joins Forces With Palo Alto Networks as MSSP Partner for OT Security Offerings. Partnership to offer comprehensive security platform for OT and address industrial segments BENGALURU India June 30 2023--(BUSINESS WIRE)--L&T Technology Services Limited (BSE: 540115 ...

[chunk_id=493e89a07cb7b2a5b47c::c0000 | date=2023-09-06 | score=0.624]
L&T Technology Services Ltd. L&T Technology Services Limited (LTTS) is a leading global pure-play Engineering Research and Development (ER&D) services provider. The Company delivers consultancy design development and testing services across the product and process development life cycle.

[chunk_id=275fc1333cf98e260eec::c0000 | date=2023-02-23 | score=0.621]
L&T Technology Services and Qualcomm Selected by Thales for Enabling 5G Private Networks in Urban Railways. L&T Technology Services Limited (BSE: 540115 ... 28 global sales offices and 91 innovation labs as of December 31 2022. For more information please visit www.LTTS.com Thales (Euronext Paris: HO) is a global leader in advanced technologies investing ...

[chunk_id=f726b48028b1dc9213af::c0000 | date=2023-03-31 | score=0.609]
L&T Technology Services and Ansys Set up CoE for Digital Twin. L&T Technology Services Limited (BSE: 540115 NSE: LTTS) a leading global pure-play engineering services company and Ansys a global leader and pioneer of Multiphysics engineering simulation software have signed an MOU to establish the LTTS-Ansys Center ...","=== GRAPH ===


=== VECTOR ===
[chunk_id=5c000f3a9d25c38d7d58::c0000 | date=2023-07-07 | score=0.653]
L&T Technology Services. L&T Technology Services Limited is an India-based engineering research and development services company. The Company provides services and solutions in the areas of product software mechanical ...

[chunk_id=27eb86bc517fa9da3bea::c0000 | date=2023-01-20 | score=0.648]
L&T Technology Services Selected as Strategic Engineering Partner to Airbus for Advanced Capabilities and Digital Manufacturing Services. BENGALURU India January 19 2023--(BUSINESS WIRE)--L&T Technology Services Limited (BSE ... 2022. For more information please visit www.LTTS.com

[chunk_id=227844974155bca2484d::c0000 | date=2023-06-30 | score=0.645]
L&T Technology Services Joins Forces With Palo Alto Networks as MSSP Partner for OT Security Offerings. Partnership to offer comprehensive security platform for OT and address industrial segments BENGALURU India June 30 2023--(BUSINESS WIRE)--L&T Technology Services Limited (BSE: 540115 ...

[chunk_id=493e89a07cb7b2a5b47c::c0000 | date=2023-09-06 | score=0.624]
L&T Technology Services Ltd. L&T Technology Services Limited (LTTS) is a leading global pure-play Engineering Research and Development (ER&D) services provider. The Company delivers consultancy design development and testing services across the product and process development life cycle.

[chunk_id=275fc1333cf98e260eec::c0000 | date=2023-02-23 | score=0.621]
L&T Technology Services and Qualcomm Selected by Thales for Enabling 5G Private Networks in Urban Railways. L&T Technology Services Limited (BSE: 540115 ... 28 global sales offices and 91 innovation labs as of December 31 2022. For more information please visit www.LTTS.com Thales (Euronext Paris: HO) is a global leader in advanced technologies investing ...

[chunk_id=f726b48028b1dc9213af::c0000 | date=2023-03-31 | score=0.609]
L&T Technology Services and Ansys Set up CoE for Digital Twin. L&T Technology Services Limited (BSE: 540115 NSE: LTTS) a leading global pure-play engineering services company and Ansys a global leader and pioneer of Multiphysics engineering simulation software have signed an MOU to establish the LTTS-Ansys Center ...",1.0531679000123404,4.971862000005785,927,1291,0
first5000-title-v2-openrouter-free,G5000-45,cross-doc,Rows 261 and 891 describe L&T Technology Services and Qualcomm being selected by Thales. How should a production graph avoid double-counting this?,"The two reports describe the same Thales selection of L&T Technology Services and Qualcomm for enabling 5G private networks in urban railways. They should be canonicalized as one event with multiple source documents/provenance entries, not two separate selection edges.","To keep the graph from counting the same selection twice, treat the press‑release as a **single unique event** and merge all rows that describe it.  

- The four excerpts (chunks 275fc1333cf98e260eec, 566e41efa663f190cf11, 201da7854b95e5ee4a3a, aae0cde6aa5936507114) all report that **L&T Technology Services and Qualcomm were selected by Thales for enabling 5G private networks in urban railways**.  
- Because the information is identical, the graph should add only **one edge/node** representing “L&T Technology Services + Qualcomm → selected by Thales”.  
- In practice, deduplicate the rows (e.g., by matching headline or key entities) and count the relationship only once, rather than adding a separate entry for each row (261 and 891).",User Safety: safe,"[chunk_id=275fc1333cf98e260eec::c0000 | date=2023-02-23 | score=0.572]
L&T Technology Services and Qualcomm Selected by Thales for Enabling 5G Private Networks in Urban Railways. L&T Technology Services Limited (BSE: 540115 ... 28 global sales offices and 91 innovation labs as of December 31 2022. For more information please visit www.LTTS.com Thales (Euronext Paris: HO) is a global leader in advanced technologies investing ...

[chunk_id=566e41efa663f190cf11::c0000 | date=2023-02-23 | score=0.570]
L&T Technology Services and Qualcomm Selected by Thales for Enabling 5G Private Networks in Urban Railways. L&T Technology Services Limited (BSE ... sales offices and 91 innovation labs as of December 31 2022. For more information please visit www.LTTS.com Thales (Euronext Paris: HO) is a global ...

[chunk_id=201da7854b95e5ee4a3a::c0000 | date=2023-02-23 | score=0.570]
L T Technology Services and Qualcomm Selected by Thales for Enabling 5G Private Networks in Urban Railways. L&T Technology Services Limited (BSE: 540115 ... 28 global sales offices and 91 innovation labs as of December 31 2022. For more information please visit www.LTTS.com About Thales Thales (Euronext Paris: HO) is a global leader in advanced technologies ...

[chunk_id=aae0cde6aa5936507114::c0000 | date=2023-02-23 | score=0.563]
L&T Technology Services and Qualcomm Selected by Thales for Enabling 5G Private Networks in Urban Railways. Bengaluru Karnataka India: L&T Technology Services Limited (BSE ... 2022. For more information please visit www.LTTS.com Thales (Euronext Paris: HO) is a global leader in advanced technologies ...

[chunk_id=da8a398d2b05e0e0328e::c0000 | date=2023-04-27 | score=0.463]
L&T Technology Services shares jump 8% after Q4: Should you buy?. Shares of L&T Technology Services jumped over 8 per cent in intraday trade on BSE on April 27 a day after the company released its March quarter scorecard. The company posted a 2.2 per cent ...

[chunk_id=b079c615da253c684893::c0000 | date=2023-03-07 | score=0.440]
Qualcomm lays off more workers as smartphone sales slump. Qualcomm lays off more workers as smartphone sales slump. The company will lay off 79 workers in its San Diego headquarters.","=== GRAPH ===
L&T Technology Services Limited [Company] -PARTNERED_WITH-> Palo Alto Networks [Company] | date=2023-06-30 | chunk=227844974155bca2484d::c0000 | evidence=L&T Technology Services Joins Forces With Palo Alto Networks as MSSP Partner for OT Security Offerings
L&T Technology Services Limited [Company] -PARTNERED_WITH-> Thales [Company] | date=2023-02-23 | chunk=201da7854b95e5ee4a3a::c0000 | evidence=L T Technology Services and Qualcomm Selected by Thales for Enabling 5G Private Networks in Urban Railways
Qualcomm [Company] -PARTNERED_WITH-> Thales [Company] | date=2023-02-23 | chunk=201da7854b95e5ee4a3a::c0000 | evidence=L T Technology Services and Qualcomm Selected by Thales for Enabling 5G Private Networks in Urban Railways

=== VECTOR ===
[chunk_id=275fc1333cf98e260eec::c0000 | date=2023-02-23 | score=0.572]
L&T Technology Services and Qualcomm Selected by Thales for Enabling 5G Private Networks in Urban Railways. L&T Technology Services Limited (BSE: 540115 ... 28 global sales offices and 91 innovation labs as of December 31 2022. For more information please visit www.LTTS.com Thales (Euronext Paris: HO) is a global leader in advanced technologies investing ...

[chunk_id=566e41efa663f190cf11::c0000 | date=2023-02-23 | score=0.570]
L&T Technology Services and Qualcomm Selected by Thales for Enabling 5G Private Networks in Urban Railways. L&T Technology Services Limited (BSE ... sales offices and 91 innovation labs as of December 31 2022. For more information please visit www.LTTS.com Thales (Euronext Paris: HO) is a global ...

[chunk_id=201da7854b95e5ee4a3a::c0000 | date=2023-02-23 | score=0.570]
L T Technology Services and Qualcomm Selected by Thales for Enabling 5G Private Networks in Urban Railways. L&T Technology Services Limited (BSE: 540115 ... 28 global sales offices and 91 innovation labs as of December 31 2022. For more information please visit www.LTTS.com About Thales Thales (Euronext Paris: HO) is a global leader in advanced technologies ...

[chunk_id=aae0cde6aa5936507114::c0000 | date=2023-02-23 | score=0.563]
L&T Technology Services and Qualcomm Selected by Thales for Enabling 5G Private Networks in Urban Railways. Bengaluru Karnataka India: L&T Technology Services Limited (BSE ... 2022. For more information please visit www.LTTS.com Thales (Euronext Paris: HO) is a global leader in advanced technologies ...

[chunk_id=da8a398d2b05e0e0328e::c0000 | date=2023-04-27 | score=0.463]
L&T Technology Services shares jump 8% after Q4: Should you buy?. Shares of L&T Technology Services jumped over 8 per cent in intraday trade on BSE on April 27 a day after the company released its March quarter scorecard. The company posted a 2.2 per cent ...

[chunk_id=b079c615da253c684893::c0000 | date=2023-03-07 | score=0.440]
Qualcomm lays off more workers as smartphone sales slump. Qualcomm lays off more workers as smartphone sales slump. The company will lay off 79 workers in its San Diego headquarters.",4.74512809998123,44.466040100029204,1442,1694,0
first5000-title-v2-openrouter-free,G5000-46,cross-doc,Distinguish the cybersecurity relationships in the Keysight–Synopsys article and the LTTS–Palo Alto Networks article. Which is IoT-device cybersecurity and which is OT security?,"Keysight and Synopsys are the partners in the IoT-device cybersecurity article. L&T Technology Services and Palo Alto Networks are the partners for OT security offerings, with LTTS acting as an MSSP partner. The first is IoT-device security; the second is industrial/OT security.","Based on the provided context:

* **IoT-Device Cybersecurity:** The partnership between **Keysight and Synopsys** focuses on IoT-device cybersecurity. They collaborated to develop an enhanced cybersecurity validation solution specifically designed for IoT (Internet of Things) devices to identify potential vulnerabilities and thwart",User Safety: safe,"[chunk_id=1906ed4e6e32c255c7af::c0000 | date=2023-09-21 | score=0.664]
Keysight and Synopsys Partner for IoT Device Cybersecurity. The global IoT device market is experiencing notable growth due to the rise in adoption of IoT devices and is projected to reach a market value of $413.7 billion by 2031. According to Palo Alto Networks IoT Threat Report

[chunk_id=7e488d38de19ca347679::c0000 | date=2023-09-25 | score=0.573]
Keysight (KEYS) Synopsys Team Up for loT Cybersecurity Testing. Keysight Technologies Inc. KEYS recently announced that it has collaborated with Synopsys Inc. SNPS to develop an enhanced cybersecurity validation solution for loT (Internet of Things) devices. This easy and cost-effective solution is likely to offer a comprehensive security testing platform to identify potential vulnerabilities and thwart cyber threats with an easy-to-use interface.

[chunk_id=227844974155bca2484d::c0000 | date=2023-06-30 | score=0.514]
L&T Technology Services Joins Forces With Palo Alto Networks as MSSP Partner for OT Security Offerings. Partnership to offer comprehensive security platform for OT and address industrial segments BENGALURU India June 30 2023--(BUSINESS WIRE)--L&T Technology Services Limited (BSE: 540115 ...

[chunk_id=843f3c2b3da6acf2b582::c0000 | date=2023-06-28 | score=0.478]
5 Things CISOs Need to Know About Securing OT Environments. Traditional focus on IT security has left operational technology (OT) vulnerable. New report reveals organizations turning to CISOs for OT security.

[chunk_id=3c6dfba21cfffafbb15f::c0000 | date=2023-02-14 | score=0.450]
3 Stocks to Watch From a Promising Technology Services Industry. Ongoing digitization increasing dependency on technology and ... entrusted with sensitive information. Therefore the growing need for cyber security solutions and services in critical areas ...

[chunk_id=2432b60e55da10eb1779::c0000 | date=2022-11-28 | score=0.447]
KNET launches IoT service based on AYECKA technology. who will provide the underlying technology. KNET’s new branded service ‘IoT Anywhere’ will provide customers with the ability to automate processes cut operational costs and have up to date information on their systems. The service will be ...","=== GRAPH ===
Keysight [Company] -PARTNERED_WITH-> Synopsys [Company] | date=2023-09-21 | chunk=1906ed4e6e32c255c7af::c0000 | evidence=Keysight and Synopsys Partner for IoT Device Cybersecurity
L&T Technology Services Limited [Company] -PARTNERED_WITH-> Palo Alto Networks [Company] | date=2023-06-30 | chunk=227844974155bca2484d::c0000 | evidence=L&T Technology Services Joins Forces With Palo Alto Networks as MSSP Partner for OT Security Offerings
L&T Technology Services Limited [Company] -PARTNERED_WITH-> Thales [Company] | date=2023-02-23 | chunk=201da7854b95e5ee4a3a::c0000 | evidence=L T Technology Services and Qualcomm Selected by Thales for Enabling 5G Private Networks in Urban Railways

=== VECTOR ===
[chunk_id=1906ed4e6e32c255c7af::c0000 | date=2023-09-21 | score=0.664]
Keysight and Synopsys Partner for IoT Device Cybersecurity. The global IoT device market is experiencing notable growth due to the rise in adoption of IoT devices and is projected to reach a market value of $413.7 billion by 2031. According to Palo Alto Networks IoT Threat Report

[chunk_id=7e488d38de19ca347679::c0000 | date=2023-09-25 | score=0.573]
Keysight (KEYS) Synopsys Team Up for loT Cybersecurity Testing. Keysight Technologies Inc. KEYS recently announced that it has collaborated with Synopsys Inc. SNPS to develop an enhanced cybersecurity validation solution for loT (Internet of Things) devices. This easy and cost-effective solution is likely to offer a comprehensive security testing platform to identify potential vulnerabilities and thwart cyber threats with an easy-to-use interface.

[chunk_id=227844974155bca2484d::c0000 | date=2023-06-30 | score=0.514]
L&T Technology Services Joins Forces With Palo Alto Networks as MSSP Partner for OT Security Offerings. Partnership to offer comprehensive security platform for OT and address industrial segments BENGALURU India June 30 2023--(BUSINESS WIRE)--L&T Technology Services Limited (BSE: 540115 ...

[chunk_id=843f3c2b3da6acf2b582::c0000 | date=2023-06-28 | score=0.478]
5 Things CISOs Need to Know About Securing OT Environments. Traditional focus on IT security has left operational technology (OT) vulnerable. New report reveals organizations turning to CISOs for OT security.

[chunk_id=3c6dfba21cfffafbb15f::c0000 | date=2023-02-14 | score=0.450]
3 Stocks to Watch From a Promising Technology Services Industry. Ongoing digitization increasing dependency on technology and ... entrusted with sensitive information. Therefore the growing need for cyber security solutions and services in critical areas ...

[chunk_id=2432b60e55da10eb1779::c0000 | date=2022-11-28 | score=0.447]
KNET launches IoT service based on AYECKA technology. who will provide the underlying technology. KNET’s new branded service ‘IoT Anywhere’ will provide customers with the ability to automate processes cut operational costs and have up to date information on their systems. The service will be ...",5.358042500040028,3.4320366000174545,1347,1606,0
first5000-title-v2-openrouter-free,G5000-47,factoid,"In the Keysight–Synopsys IoT cybersecurity record, does the mention of Palo Alto Networks establish Palo Alto as a partner in that deal?","No. The title identifies Keysight and Synopsys as the partners. Palo Alto Networks appears only as the source of an IoT Threat Report cited in the description, not as a participant in the partnership.","No. In the Keysight‑Synopsys IoT cybersecurity record, Palo Alto Networks is only cited as the source of an “IoT Threat Report” (see [chunk_id=1906ed4e6e32c255c7af::c0000]), not as a partner in the Keysight‑Synopsys collaboration. The other snippets mention Palo Alto Networks in unrelated partnerships (e.g., L&T Technology Services) and do not establish a joint venture with Keysight or Synopsys.","No. The Keysight–Synopsys IoT cybersecurity partnership is documented in chunk 1906ed4e6e32c255c7af::c0000, which lists only Keysight and Synopsys as partners. The mention of Palo Alto Networks appears in a separate chunk (227844974155bca2484d::c0000) about L&T Technology Services, not in the Keysight–Synopsys record. Therefore, Palo Alto Networks is not established as a partner in that specific deal. [chunk_id=1906ed4e6e32c255c7af::c0000]","[chunk_id=1906ed4e6e32c255c7af::c0000 | date=2023-09-21 | score=0.632]
Keysight and Synopsys Partner for IoT Device Cybersecurity. The global IoT device market is experiencing notable growth due to the rise in adoption of IoT devices and is projected to reach a market value of $413.7 billion by 2031. According to Palo Alto Networks IoT Threat Report

[chunk_id=227844974155bca2484d::c0000 | date=2023-06-30 | score=0.567]
L&T Technology Services Joins Forces With Palo Alto Networks as MSSP Partner for OT Security Offerings. Partnership to offer comprehensive security platform for OT and address industrial segments BENGALURU India June 30 2023--(BUSINESS WIRE)--L&T Technology Services Limited (BSE: 540115 ...

[chunk_id=b651998cf6b420ec4ef5::c0000 | date=2023-05-12 | score=0.439]
Did Oakland have right cyber insurance before the ransomware hack? Expert weighs in. Two high-profile ransomware hacks crippling two California entities - Oakland and San Bernardino County - are raising questions about the importance of network outage and cyber liability insurance. Did Oakland have the right policy before the attack?

[chunk_id=7e488d38de19ca347679::c0000 | date=2023-09-25 | score=0.431]
Keysight (KEYS) Synopsys Team Up for loT Cybersecurity Testing. Keysight Technologies Inc. KEYS recently announced that it has collaborated with Synopsys Inc. SNPS to develop an enhanced cybersecurity validation solution for loT (Internet of Things) devices. This easy and cost-effective solution is likely to offer a comprehensive security testing platform to identify potential vulnerabilities and thwart cyber threats with an easy-to-use interface.

[chunk_id=d3574b0f5ee5ac2d5984::c0000 | date=2023-09-06 | score=0.422]
In Its First Monopoly Trial of Modern Internet Era U.S. Sets Sights on Google. slowing down or potentially dismantling the largest internet companies after decades of unbridled growth. The stakes are particularly high for Google the Silicon Valley company founded in 1998 ...

[chunk_id=4ac157699cb75bdd5404::c0000 | date=2023-05-12 | score=0.408]
RSA Conference 2023 – Announcements Summary (Day 3). and 1Kosmos. Skyhigh Security adds new capabilities to Security Service Edge Cloud security firm Skyhigh Security has announced the addition of several new capabilities to its Security Service Edge (SSE) product portfolio including Exact Data Match (EDM ...","=== GRAPH ===
Keysight [Company] -PARTNERED_WITH-> Synopsys [Company] | date=2023-09-21 | chunk=1906ed4e6e32c255c7af::c0000 | evidence=Keysight and Synopsys Partner for IoT Device Cybersecurity
L&T Technology Services Limited [Company] -PARTNERED_WITH-> Palo Alto Networks [Company] | date=2023-06-30 | chunk=227844974155bca2484d::c0000 | evidence=L&T Technology Services Joins Forces With Palo Alto Networks as MSSP Partner for OT Security Offerings
L&T Technology Services Limited [Company] -PARTNERED_WITH-> Thales [Company] | date=2023-02-23 | chunk=201da7854b95e5ee4a3a::c0000 | evidence=L T Technology Services and Qualcomm Selected by Thales for Enabling 5G Private Networks in Urban Railways

=== VECTOR ===
[chunk_id=1906ed4e6e32c255c7af::c0000 | date=2023-09-21 | score=0.632]
Keysight and Synopsys Partner for IoT Device Cybersecurity. The global IoT device market is experiencing notable growth due to the rise in adoption of IoT devices and is projected to reach a market value of $413.7 billion by 2031. According to Palo Alto Networks IoT Threat Report

[chunk_id=227844974155bca2484d::c0000 | date=2023-06-30 | score=0.567]
L&T Technology Services Joins Forces With Palo Alto Networks as MSSP Partner for OT Security Offerings. Partnership to offer comprehensive security platform for OT and address industrial segments BENGALURU India June 30 2023--(BUSINESS WIRE)--L&T Technology Services Limited (BSE: 540115 ...

[chunk_id=b651998cf6b420ec4ef5::c0000 | date=2023-05-12 | score=0.439]
Did Oakland have right cyber insurance before the ransomware hack? Expert weighs in. Two high-profile ransomware hacks crippling two California entities - Oakland and San Bernardino County - are raising questions about the importance of network outage and cyber liability insurance. Did Oakland have the right policy before the attack?

[chunk_id=7e488d38de19ca347679::c0000 | date=2023-09-25 | score=0.431]
Keysight (KEYS) Synopsys Team Up for loT Cybersecurity Testing. Keysight Technologies Inc. KEYS recently announced that it has collaborated with Synopsys Inc. SNPS to develop an enhanced cybersecurity validation solution for loT (Internet of Things) devices. This easy and cost-effective solution is likely to offer a comprehensive security testing platform to identify potential vulnerabilities and thwart cyber threats with an easy-to-use interface.

[chunk_id=d3574b0f5ee5ac2d5984::c0000 | date=2023-09-06 | score=0.422]
In Its First Monopoly Trial of Modern Internet Era U.S. Sets Sights on Google. slowing down or potentially dismantling the largest internet companies after decades of unbridled growth. The stakes are particularly high for Google the Silicon Valley company founded in 1998 ...

[chunk_id=4ac157699cb75bdd5404::c0000 | date=2023-05-12 | score=0.408]
RSA Conference 2023 – Announcements Summary (Day 3). and 1Kosmos. Skyhigh Security adds new capabilities to Security Service Edge Cloud security firm Skyhigh Security has announced the addition of several new capabilities to its Security Service Edge (SSE) product portfolio including Exact Data Match (EDM ...",33.6844878999982,25.976463600003626,1004,1149,0
first5000-title-v2-openrouter-free,G5000-48,multi-hop,"Combine the three Snowflake-related records to summarize Snowflake's role in the 2023 cloud/data ecosystem: what AI integration, market recognition, and demand signal are present?","H2O.ai launched H2O AI Cloud as a pre-built solution for Snowflake's Manufacturing Data Cloud; Snowflake was listed among the CRN Big Data 100 cloud/platform companies alongside AWS, Google Cloud, IBM, and Microsoft; and an August Reuters report said Snowflake beat quarterly estimates amid strong demand for data-management services as enterprises moved data/infrastructure to the cloud.","Based on the three Snowflake-related records, here's a summary of Snowflake's role in the 2023 cloud/data ecosystem:

**AI Integration**: Snowflake is actively integrating AI capabilities through partnerships. In April 2023, H2O.ai launched H2O AI Cloud as a pre-built solution for Snowflake's Manufacturing Data Cloud, demonstrating Snowflake's role as a platform for AI-powered data solutions [chunk_id=5d162210c58b91f6a091::c0000].

**Market Recognition**: Snowflake shows strong market momentum with robust financial performance. The company ""beats quarterly estimates on strong demand for data management services"" as enterprises increasingly move data and infrastructure to the cloud [chunk_id=beb99568ed4b0bdd0c49::c0000].

**Demand Signal**: There's clear enterprise demand for Snowflake's services, evidenced by their strong quarterly performance and strategic investments. In June 2023, Snowflake led a $62.9M investment in Cybersyn, a data-as-a-service provider, indicating Snowflake's continued expansion and influence in the data services market [chunk_id=a1e56be5e4d4eb820d16::c0000].

Together, these records position Snowflake as a key player in the 2023 cloud/data ecosystem, facilitating AI integration, demonstrating strong market performance, and responding to significant enterprise demand for cloud-based data management solutions.",In 2023 Snowflake emerged as a key player in the cloud/data ecosystem through three converging signals,"[chunk_id=beb99568ed4b0bdd0c49::c0000 | date=2023-08-23 | score=0.768]
Snowflake beats quarterly estimates on strong demand for data management services. Enterprises are increasingly moving their data and infrastructure to the cloud to improve efficiency helping cloud-related services companies. Snowflake offers products and services that clients ...

[chunk_id=5d162210c58b91f6a091::c0000 | date=2023-04-13 | score=0.634]
H2O.ai Brings H2O AI Cloud to the Snowflake Manufacturing Data Cloud. H2O.ai today announced the launch of H2O AI Cloud as a pre-built solution for the Manufacturing Data Cloud launched by Snowflake the Data Cloud company. The Manufacturing Data Cloud enables companies in automotive

[chunk_id=a1e56be5e4d4eb820d16::c0000 | date=2023-04-13 | score=0.596]
Snowflake leads $62.9M investment in Cybersyn a data-as-a-service provider. Learn More Cybersyn a New York-based company offering data-as-a-service (DaaS) for enterprises today emerged from stealth with $62.9 million in series A funding. Cybersyn aims to make public and ...

[chunk_id=c84c621aab489be45c42::c0000 | date=2023-06-23 | score=0.551]
Amazon is spending $100 million to teach cloud customers about AI. Amazon.com's cloud unit is building a program to help customers develop and deploy new kinds of artificial intelligence products as the biggest seller of cloud services tries to match Microsoft and Google in the market for so-called generative AI.

[chunk_id=33e484d5c63c73a100c5::c0000 | date=2023-06-23 | score=0.527]
This Technology Holds the Key to Amazon's Future; It's Not Robots. Generative artificial intelligence is getting all of the hype but cloud computing is the technology that has ... Thanks to AWS’s low cost services startups have been able to grow rapidly ...

[chunk_id=c7c65b53343789548caa::c0000 | date=2023-04-14 | score=0.518]
JLL''s data center outlook: Cloud computing AI driving exponential growth for data center industry. According to JLL’s new Global Data Center Outlook the mass adoption of cloud computing and artificial intelligence (AI) is driving exponential growth for the data center industry with hyperscale and edge computing leading investor demand.","=== GRAPH ===
Microsoft [Company] -DEVELOPED-> Microsoft Copilot for Windows [Technology] | date=2023-09-21 | chunk=3a5ed6555cadb4149f58::c0000 | evidence=Microsoft Copilot for Windows launches September 26th and unifies several formerly separate Copilot assistants
KPMG [Company] -INVESTED_IN-> Microsoft [Company] | date=2023-07-11 | chunk=35f9e232b3c44ebab014::c0000 | evidence=KPMG said on Tuesday it will spend $2 billion on artificial intelligence and cloud services through an expanded partnership with Microsoft
Microsoft [Company] -DEVELOPED-> AI tools [Technology] | date=2023-06-20 | chunk=264d1b9d346656ddf765::c0000 | evidence=Microsoft is infusing artificial intelligence tools into its Office software including Word Excel and Outlook emails. The company said Thursday the new feature named Copilot is a processing engine that will allow users to do things like summarize long emails
Microsoft [Company] -DEVELOPED-> Azure OpenAI Service [Technology] | date=2023-06-09 | chunk=0f5fa36a88eaffbb32a0::c0000 | evidence=Microsoft unveils OpenAI service for government customers. The company unveiled its new Azure OpenAI Service for federal agencies
Options Technology [Company] -PARTNERED_WITH-> Microsoft [Company] | date=2023-05-10 | chunk=a2fe2cc636f39a18f032::c0000 | evidence=Options Technology the leading provider of cloud-enabled managed services to the global capital markets today announced its achievement of Microsoft Solutions Partner designation for Infrastructure.
Microsoft [Company] -DEVELOPED-> cloud data processing hub [Technology] | date=2023-04-26 | chunk=faa5aa220169e034c02b::c0000 | evidence=""Microsoft opens top cloud data processing hub in Poland""

=== VECTOR ===
[chunk_id=beb99568ed4b0bdd0c49::c0000 | date=2023-08-23 | score=0.768]
Snowflake beats quarterly estimates on strong demand for data management services. Enterprises are increasingly moving their data and infrastructure to the cloud to improve efficiency helping cloud-related services companies. Snowflake offers products and services that clients ...

[chunk_id=5d162210c58b91f6a091::c0000 | date=2023-04-13 | score=0.634]
H2O.ai Brings H2O AI Cloud to the Snowflake Manufacturing Data Cloud. H2O.ai today announced the launch of H2O AI Cloud as a pre-built solution for the Manufacturing Data Cloud launched by Snowflake the Data Cloud company. The Manufacturing Data Cloud enables companies in automotive

[chunk_id=a1e56be5e4d4eb820d16::c0000 | date=2023-04-13 | score=0.596]
Snowflake leads $62.9M investment in Cybersyn a data-as-a-service provider. Learn More Cybersyn a New York-based company offering data-as-a-service (DaaS) for enterprises today emerged from stealth with $62.9 million in series A funding. Cybersyn aims to make public and ...

[chunk_id=c84c621aab489be45c42::c0000 | date=2023-06-23 | score=0.551]
Amazon is spending $100 million to teach cloud customers about AI. Amazon.com's cloud unit is building a program to help customers develop and deploy new kinds of artificial intelligence products as the biggest seller of cloud services tries to match Microsoft and Google in the market for so-called generative AI.

[chunk_id=33e484d5c63c73a100c5::c0000 | date=2023-06-23 | score=0.527]
This Technology Holds the Key to Amazon's Future; It's Not Robots. Generative artificial intelligence is getting all of the hype but cloud computing is the technology that has ... Thanks to AWS’s low cost services startups have been able to grow rapidly ...

[chunk_id=c7c65b53343789548caa::c0000 | date=2023-04-14 | score=0.518]
JLL''s data center outlook: Cloud computing AI driving exponential growth for data center industry. According to JLL’s new Global Data Center Outlook the mass adoption of cloud computing and artificial intelligence (AI) is driving exponential growth for the data center industry with hyperscale and edge computing leading investor demand.",13.387180600024294,58.2340965999756,1063,1630,0
first5000-title-v2-openrouter-free,G5000-49,multi-hop,"Across the selected Samsung records, identify three distinct technology domains Samsung is connected to and the specific evidence for each.",Display/biometric sensing: Samsung unveiled a Sensor OLED Display with an embedded light-sensing organic photodiode for sensing functions. Smart home: Samsung worked with Aqara to add SmartThings compatibility to the FP2 Presence Sensor. Semiconductors: Samsung's System LSI Tech Day report highlighted new analog and logic semiconductor innovations and a future technology blueprint.,- **Analog semiconductor technology** – Samsung unveiled its latest innovations in analog semiconductor technologies at the System LSI Tech Day 2023 event【chunk_id=8c5930949a3d9f3c3a38】【chunk_id=8e582966,"**Three distinct technology domains linked to Samsung in the supplied records**

| Domain | Evidence (as recorded) | Provenance (chunk ID) |
|--------|------------------------|-----------------------|
| **1. Smart‑home / IoT** – presence‑sensor integration | “Samsung and Aqara Partners to Demonstrate Presence Sensor FP2 on SmartThings Platform” | [chunk_id=1906ed4e6e32c255c7af::c0000] |","[chunk_id=8c5930949a3d9f3c3a38::c0000 | date=2023-10-05 | score=0.478]
Samsung Showcases Groundbreaking Logic Innovations at System LSI Tech Day 2023. Samsung Electronics Co. Ltd. a world leader in advanced semiconductor technology today unveiled its latest innovations in analog and logic semiconductor technologies and outlined its blueprint for upcoming technological advancements at its inaugural ...

[chunk_id=c7cee2c9179fa770884c::c0000 | date=2023-02-19 | score=0.447]
Top business and technology trends to drive digital transformation in PH in 2023. This will serve as an opportunity for businesses to reassess the course of their business by leveraging the power of technology ... their ability to extract information from a variety of telemetry ...

[chunk_id=8e58296629f84469cd8d::c0000 | date=2023-10-05 | score=0.440]
Samsung Showcases Groundbreaking Logic Innovations at System LSI Tech Day 2023. Samsung Electronics Co. Ltd. a world leader in advanced semiconductor technology today unveiled its latest innovations in analog and logic semiconductor technologies and outlined its blueprint for upcoming technological advancements at its inaugural Samsung System LSI Tech Day 2023 event.

[chunk_id=58c33b743b85c06cf75f::c0000 | date=2023-01-09 | score=0.426]
Taiwan’s National Science and Technology Council. By cooperating with business service providers to establish diverse verification sites and adopt smart applications the government will continue to accelerate the digital transformation of industries. Simultaneously the government assists technology ...

[chunk_id=89303f1ce1c8dbe989a7::c0000 | date=2023-05-23 | score=0.420]
10 Biggest Technology Companies. They create design and manufacture computers mobile devices and home appliances and provide products and services related to information technology. Below we look at the 10 biggest companies ...

[chunk_id=f60e106afd6fcee36b56::c0000 | date=2023-07-20 | score=0.414]
3 Stocks to Watch From a Promising Technology Services Industry. The Zacks Technology Services industry stands to gain from the ongoing digitization increasing dependency on technology and initiatives to diversify technology services. Growth opportunities from ...","=== GRAPH ===
Samsung [Company] -PARTNERED_WITH-> Aqara [Company] | date=2023-09-21 | chunk=1906ed4e6e32c255c7af::c0000 | evidence=Samsung and Aqara Partners to Demonstrate Presence Sensor FP2 on SmartThings Platform
Samsung [Company] -DEVELOPED-> OLED display with embedded heart rate sensor [Technology] | date=2023-05-23 | chunk=cf095df30bfa3f72399f::c0000 | evidence=Samsung unveils OLED display with embedded heart rate sensor

=== VECTOR ===
[chunk_id=8c5930949a3d9f3c3a38::c0000 | date=2023-10-05 | score=0.478]
Samsung Showcases Groundbreaking Logic Innovations at System LSI Tech Day 2023. Samsung Electronics Co. Ltd. a world leader in advanced semiconductor technology today unveiled its latest innovations in analog and logic semiconductor technologies and outlined its blueprint for upcoming technological advancements at its inaugural ...

[chunk_id=c7cee2c9179fa770884c::c0000 | date=2023-02-19 | score=0.447]
Top business and technology trends to drive digital transformation in PH in 2023. This will serve as an opportunity for businesses to reassess the course of their business by leveraging the power of technology ... their ability to extract information from a variety of telemetry ...

[chunk_id=8e58296629f84469cd8d::c0000 | date=2023-10-05 | score=0.440]
Samsung Showcases Groundbreaking Logic Innovations at System LSI Tech Day 2023. Samsung Electronics Co. Ltd. a world leader in advanced semiconductor technology today unveiled its latest innovations in analog and logic semiconductor technologies and outlined its blueprint for upcoming technological advancements at its inaugural Samsung System LSI Tech Day 2023 event.

[chunk_id=58c33b743b85c06cf75f::c0000 | date=2023-01-09 | score=0.426]
Taiwan’s National Science and Technology Council. By cooperating with business service providers to establish diverse verification sites and adopt smart applications the government will continue to accelerate the digital transformation of industries. Simultaneously the government assists technology ...

[chunk_id=89303f1ce1c8dbe989a7::c0000 | date=2023-05-23 | score=0.420]
10 Biggest Technology Companies. They create design and manufacture computers mobile devices and home appliances and provide products and services related to information technology. Below we look at the 10 biggest companies ...

[chunk_id=f60e106afd6fcee36b56::c0000 | date=2023-07-20 | score=0.414]
3 Stocks to Watch From a Promising Technology Services Industry. The Zacks Technology Services industry stands to gain from the ongoing digitization increasing dependency on technology and initiatives to diversify technology services. Growth opportunities from ...",5.080477299983613,23.22619830002077,1303,1283,0
first5000-title-v2-openrouter-free,G5000-50,multi-hop,"Compare the chip-related AI positioning of NVIDIA, AMD, and Intel in the selected 5,000-row scope. What distinct signal is reported for each?","NVIDIA reported that use of its chips for AI services such as chatbots had gone 'through the roof' and its sales outlook beat expectations. AMD was named as a possible supplier of new AI chips to AWS, but AWS had made no final decision. Intel said its 3D V-Cache/chip-stacking approach would differ from AMD's and would be used for Intel processors and offered to foundry customers.","Based on the provided context, here are the distinct AI-related signals for each chip company:

**NVIDIA**: No specific AI positioning signal is reported in the selected context.

**AMD**: Amazon Web Services is considering using AMD's new AI chips, though no final decision has been made [chunk_id=ec3ce18d568e33867724].

**Intel**: 
- Intel Arc GPUs show significant gaming performance improvements (149% gain at 1440p, 117% faster at 1080p in Starfield) [chunk_id=ce496b595b2fbcd99947]
- Intel is developing 3D V-Cache technology that will take a different approach than AMD, planning to use it for Intel processors and offer it to third-party customers through their foundry business [chunk_id=73f6d5535f26475909a8]
- Intel Core i5-13600K is highlighted as 54% faster than competition in productivity tasks [chunk_id=b268cc021786a7f2558f]

The distinct signals show AMD focusing on AI chip adoption in cloud computing, while Intel emphasizes GPU performance gains and chip-stacking technology differentiation.","**NVIDIA**: Focuses on enterprise generative AI through partnerships (e.g., with ServiceNow and Accenture) to accelerate AI adoption in IT systems [chunk_id=a5a8b0ece135c638d4f0].  
**AMD**: Positions itself in cloud/AI chip markets, with AWS evaluating its new AI chips for cloud services [chunk_id=ec3ce18d568e33867724].  
**Intel**: Emphasizes 3D V-Cache technology for processors and GPU performance (e.g., 149% uplift in gaming) as a differentiator from AMD [chunk_id=73f6d5535f26475909a8].","[chunk_id=ce496b595b2fbcd99947::c0000 | date=2023-10-12 | score=0.446]
Intel Arc GPU Driver Pilots A Massive 159% Uplift In Starfield And More Big Gains. One of those is Starifield which ranks as Bethesda''s biggest game launch of all time. According to Intel Arc GPU owners can expect up to a staggering 149% performance gain when playing at 1440p with High settings and up to 117% faster performance at 1080p with Ultra settings.

[chunk_id=73f6d5535f26475909a8::c0000 | date=2023-09-19 | score=0.443]
Intel: Our 3D V-Cache Tech Will Take a Different Approach Than AMD. The company plans to use the chip-stacking tech for Intel processors and offer it to third-party customers contracting with Intel's foundry business.

[chunk_id=ec3ce18d568e33867724::c0000 | date=2023-06-14 | score=0.413]
Exclusive: Amazon's cloud unit is considering AMD's new AI chips. Amazon Web Services the world''s largest cloud computing provider is considering using new artificial intelligence chips from Advanced Micro Devices Inc though it has not made a final decision an AWS executive told Reuters.

[chunk_id=0d36b262b2ccee24144b::c0000 | date=2023-06-08 | score=0.369]
IDTechEx Outlines Emerging Sensor Types for Embedded Vision. Embedded vision brings these computational capabilities to the ''edge''. Rather than images being sent from a sensor to a central processor initial analysis is performed adjacent to the sensor on a dedicated

[chunk_id=b268cc021786a7f2558f::c0000 | date=2023-06-18 | score=0.367]
A powerful Virtual Reality computer for less than $1700. A whopping 54% faster than the competition in productivity the Intel Core i5-13600K here paired with a RTX 3080 is the core for a powerful – and affordable – PC built with Virtual Reality experiences in mind.

[chunk_id=e7f2d22f750889fd3fb3::c0000 | date=2023-08-20 | score=0.353]
Researcher detects severe vulnerability on Intel CPUs that could compromise sensitive information. Both mainstream and server-class processors from Intel are on the list of affected chips where when these chips are paired with compromised software hackers can access sensitive information. Intel has given this a severity rating of medium with a CVSS ...","=== GRAPH ===
Deloitte [Company] -PARTNERED_WITH-> ServiceNow [Company] | date=2023-09-21 | chunk=1906ed4e6e32c255c7af::c0000 | evidence=Deloitte and ServiceNow Expand Alliance to Integrate Now Assist Generative AI Capabilities With Next-Generation Managed Services
Intel [Company] -DEVELOPED-> 3D V-Cache Tech [Technology] | date=2023-09-19 | chunk=73f6d5535f26475909a8::c0000 | evidence=Intel: Our 3D V-Cache Tech Will Take a Different Approach Than AMD. The company plans to use the chip-stacking tech for Intel processors
ServiceNow [Company] -PARTNERED_WITH-> NVIDIA [Company] | date=2023-07-27 | chunk=a5a8b0ece135c638d4f0::c0000 | evidence=ServiceNow NVIDIA and Accenture Partner to Accelerate Generative AI Adoption for Enterprises
ServiceNow [Company] -PARTNERED_WITH-> Accenture [Company] | date=2023-07-27 | chunk=a5a8b0ece135c638d4f0::c0000 | evidence=ServiceNow NVIDIA and Accenture Partner to Accelerate Generative AI Adoption for Enterprises
ServiceNow [Company] -DEVELOPED-> Generative AI Features [Technology] | date=2023-07-26 | chunk=888196b6e1e07e67c3ae::c0000 | evidence=ServiceNow Expands Generative AI Capabilities With Case Summarization and Text-to-Code to Drive Speed Productivity and Value.
ServiceNow [Company] -DEVELOPED-> Now Assist for Virtual Agent [Technology] | date=2023-06-13 | chunk=5d479b59c6d424d4a679::c0000 | evidence=ServiceNow extends its AI capabilities with Now Assist for Virtual Agent
ServiceNow [Company] -DEVELOPED-> ServiceNow Generative AI Controller [Technology] | date=2023-06-13 | chunk=5d479b59c6d424d4a679::c0000 | evidence=Now Assist for Virtual Agent is powered by ServiceNow Generative AI Controller
AMD [Company] -DEVELOPED-> chips [Technology] | date=2023-06-01 | chunk=7d21e479ed47024a21cd::c0000 | evidence=""AMD is powering multiple cloud services through its chips""
ServiceNow [Company] -PARTNERED_WITH-> NVIDIA [Company] | date=2023-05-17 | chunk=531b5c0beb405c822e6c::c0000 | evidence=ServiceNow and NVIDIA Announce Partnership to Build Generative AI Across Enterprise IT

=== VECTOR ===
[chunk_id=ce496b595b2fbcd99947::c0000 | date=2023-10-12 | score=0.446]
Intel Arc GPU Driver Pilots A Massive 159% Uplift In Starfield And More Big Gains. One of those is Starifield which ranks as Bethesda''s biggest game launch of all time. According to Intel Arc GPU owners can expect up to a staggering 149% performance gain when playing at 1440p with High settings and up to 117% faster performance at 1080p with Ultra settings.

[chunk_id=73f6d5535f26475909a8::c0000 | date=2023-09-19 | score=0.443]
Intel: Our 3D V-Cache Tech Will Take a Different Approach Than AMD. The company plans to use the chip-stacking tech for Intel processors and offer it to third-party customers contracting with Intel's foundry business.

[chunk_id=ec3ce18d568e33867724::c0000 | date=2023-06-14 | score=0.413]
Exclusive: Amazon's cloud unit is considering AMD's new AI chips. Amazon Web Services the world''s largest cloud computing provider is considering using new artificial intelligence chips from Advanced Micro Devices Inc though it has not made a final decision an AWS executive told Reuters.

[chunk_id=0d36b262b2ccee24144b::c0000 | date=2023-06-08 | score=0.369]
IDTechEx Outlines Emerging Sensor Types for Embedded Vision. Embedded vision brings these computational capabilities to the ''edge''. Rather than images being sent from a sensor to a central processor initial analysis is performed adjacent to the sensor on a dedicated

[chunk_id=b268cc021786a7f2558f::c0000 | date=2023-06-18 | score=0.367]
A powerful Virtual Reality computer for less than $1700. A whopping 54% faster than the competition in productivity the Intel Core i5-13600K here paired with a RTX 3080 is the core for a powerful – and affordable – PC built with Virtual Reality experiences in mind.

[chunk_id=e7f2d22f750889fd3fb3::c0000 | date=2023-08-20 | score=0.353]
Researcher detects severe vulnerability on Intel CPUs that could compromise sensitive information. Both mainstream and server-class processors from Intel are on the list of affected chips where when these chips are paired with compromised software hackers can access sensitive information. Intel has given this a severity rating of medium with a CVSS ...",12.882867400010582,49.13642029999755,1071,2135,0
